Region,FIPS,ColonyCount,ColonyGrowth,GrowthOutcome,TotalProduction,YieldPerColony,PricePerLB,ProductionValue,Stocks,YearRecorded,ClothianidinLB,ImidaclopridLB,ThiamethoxamLB,AcetamipridLB,ThiaclopridLB,CombinedNeonicLB
3,1,15000,-6.25,0.0,960000,64,0.87,835000,96000,1996,0.0,819.24,0.0,0.0,0.0,819.24
3,1,14000,-6.67,0.0,924000,66,0.81,748000,92000,1997,0.0,14781.55,0.0,0.0,0.0,14781.55
3,1,16000,14.29,1.0,1136000,71,0.72,818000,159000,1998,0.0,4048.35,0.0,0.0,0.0,4048.35
3,1,17000,6.25,1.0,1156000,68,0.56,647000,185000,1999,0.0,2758.42,0.0,0.0,0.0,2758.42
3,1,16000,-5.88,0.0,1248000,78,0.59,736000,187000,2000,0.0,3305.17,0.0,0.0,0.0,3305.17
3,1,14000,-12.5,0.0,1022000,73,0.72,736000,235000,2001,0.0,3286.65,0.0,0.0,0.0,3286.65
3,1,12000,-14.29,0.0,1032000,86,1.18,1218000,103000,2002,0.0,2598.81,1852.76,0.0,0.0,4451.57
3,1,13000,8.33,1.0,1066000,82,1.24,1322000,43000,2003,0.0,1473.35,1304.48,0.0,0.0,2777.82
3,1,12000,-7.69,0.0,1044000,87,1.41,1472000,282000,2004,5900.45,2918.7,8518.44,0.0,0.0,17337.59
3,1,13000,8.33,1.0,858000,66,1.02,875000,266000,2005,3314.87,2192.5,12111.98,0.0,0.0,17619.34
3,1,11000,-15.38,0.0,792000,72,1.21,958000,230000,2006,1499.14,9325.99,11842.35,0.0,0.0,22667.49
3,1,11000,0.0,0.0,616000,56,1.49,918000,209000,2007,16967.22,7182.88,9148.3,0.0,0.0,33298.4
3,1,9000,-18.18,0.0,594000,66,1.9,1129000,214000,2008,3523.65,7267.76,9291.38,0.0,0.0,20082.79
3,1,9000,0.0,0.0,450000,50,1.86,837000,68000,2009,11215.36,8800.63,8986.48,0.0,0.0,29002.47
3,1,9000,0.0,0.0,486000,54,2.4,1166000,73000,2010,4219.65,3873.52,10269.79,0.0,0.0,18362.96
3,1,9000,0.0,0.0,450000,50,2.51,1130000,63000,2011,22280.14,11529.74,15758.86,0.0,0.0,49568.74
3,1,8000,-11.11,0.0,432000,54,2.47,1067000,65000,2012,10577.34,13776.91,15438.09,0.0,0.0,39792.34
3,1,7000,-12.5,0.0,364000,52,2.85,1037000,55000,2013,13212.08,18263.98,11468.45,0.0,0.0,42944.51
3,1,7000,0.0,0.0,371000,53,3.53,1310000,26000,2014,17574.37,26883.39,10461.82,0.0,0.0,54919.57
3,1,7000,0.0,0.0,329000,47,3.83,1260000,13000,2015,123.9,24072.94,2428.61,0.0,0.0,26625.45
4,4,47000,0.0,1.0,2773000,59,0.51,1414000,166000,1994,0.0,5849.3,0.0,0.0,0.0,5849.3
4,4,52000,10.64,1.0,4108000,79,0.65,2670000,986000,1995,0.0,18211.51,0.0,0.0,0.0,18211.51
4,4,32000,-38.46,0.0,1920000,60,0.85,1632000,307000,1996,0.0,13573.64,0.0,0.0,0.0,13573.64
4,4,42000,31.25,1.0,3360000,80,0.72,2419000,1344000,1997,0.0,22496.41,0.0,0.0,0.0,22496.41
4,4,55000,30.95,1.0,3300000,60,0.64,2112000,1485000,1998,0.0,10613.49,0.0,0.0,0.0,10613.49
4,4,52000,-5.45,0.0,3224000,62,0.62,1999000,1548000,1999,0.0,11401.43,0.0,0.0,0.0,11401.43
4,4,40000,-23.08,0.0,2360000,59,0.73,1723000,1322000,2000,0.0,23076.67,0.0,0.0,0.0,23076.67
4,4,43000,7.5,1.0,2537000,59,0.72,1827000,1142000,2001,0.0,8185.98,43.21,0.0,0.0,8229.19
4,4,38000,-11.63,0.0,2394000,63,1.08,2586000,1197000,2002,0.0,13746.7,1239.44,312.17,0.0,15298.32
4,4,35000,-7.89,0.0,2520000,72,1.34,3377000,983000,2003,0.0,21710.02,208.12,2469.62,0.0,24387.76
4,4,32000,-8.57,0.0,1760000,55,1.11,1954000,774000,2004,213.19,23995.77,568.35,3606.54,0.0,28383.85
4,4,36000,12.5,1.0,1800000,50,1.04,1872000,720000,2005,0.0,19034.27,311.29,5532.06,0.0,24877.62
4,4,30000,-16.67,0.0,1950000,65,0.91,1775000,839000,2006,107.37,21291.58,1206.59,7651.36,0.0,30256.9
4,4,30000,0.0,0.0,1920000,64,1.26,2419000,902000,2007,107.37,19925.38,670.21,1498.04,0.0,22200.99
4,4,25000,-16.67,0.0,1600000,64,1.26,2016000,336000,2008,0.0,18831.45,420.64,3950.24,0.0,23202.33
4,4,20000,-20.0,0.0,1040000,52,1.45,1508000,562000,2009,586.43,20523.27,1159.85,2748.72,0.0,25018.28
4,4,24000,20.0,1.0,1848000,77,1.52,2809000,665000,2010,2032.0,21010.71,2701.32,1890.9,0.0,27634.94
4,4,23000,-4.17,0.0,1219000,53,1.55,1889000,427000,2011,2619.75,34980.09,5998.78,2500.48,0.0,46099.1
4,4,22000,-4.35,0.0,1012000,46,1.79,1811000,253000,2012,4489.49,24047.14,1673.75,3384.32,0.0,33594.7
4,4,29000,31.82,1.0,1044000,36,1.96,2046000,251000,2013,4717.45,33601.98,499.35,4324.15,0.0,43142.92
4,4,26000,-10.34,0.0,1014000,39,1.92,1947000,193000,2014,4987.08,33372.25,3705.31,1254.65,0.0,43319.29
4,4,26000,0.0,0.0,1274000,49,2.03,2586000,306000,2015,491.85,29220.51,749.79,2908.12,0.0,33370.27
3,5,50000,0.0,0.0,3000000,60,0.71,2130000,900000,1995,0.0,24505.7,0.0,0.0,0.0,24505.7
3,5,40000,-20.0,0.0,3360000,84,0.85,2856000,336000,1996,0.0,1088.2,0.0,0.0,0.0,1088.2
3,5,50000,25.0,1.0,4750000,95,0.7,3325000,3468000,1997,0.0,5189.02,0.0,0.0,0.0,5189.02
3,5,53000,6.0,1.0,3445000,65,0.59,2033000,1688000,1998,0.0,2782.9,0.0,0.0,0.0,2782.9
3,5,52000,-1.89,0.0,4628000,89,0.53,2453000,2592000,1999,0.0,1526.04,0.0,0.0,0.0,1526.04
3,5,52000,0.0,0.0,4836000,93,0.57,2757000,3337000,2000,0.0,1860.7,179.02,0.0,0.0,2039.72
3,5,50000,-3.85,0.0,4900000,98,0.65,3185000,1617000,2001,0.0,6359.9,1509.95,0.0,0.0,7869.84
3,5,45000,-10.0,0.0,3960000,88,1.26,4990000,871000,2002,0.0,2880.78,3223.16,237.88,0.0,6341.82
3,5,40000,-11.11,0.0,3000000,75,1.26,3780000,810000,2003,0.0,7201.62,5026.54,45.86,0.0,12274.02
3,5,40000,0.0,0.0,2280000,57,0.87,1984000,388000,2004,1170.43,26326.06,20654.23,7302.59,0.0,55453.31
3,5,36000,-10.0,0.0,2484000,69,0.97,2409000,571000,2005,5419.62,15216.53,16116.67,2163.18,0.0,38916.0
3,5,32000,-11.11,0.0,2432000,76,0.89,2164000,730000,2006,3347.5,15513.05,45520.83,10332.18,0.0,74713.56
3,5,28000,-12.5,0.0,2240000,80,0.95,2128000,672000,2007,462.53,28109.16,38526.88,2816.18,0.0,69914.76
3,5,28000,0.0,0.0,2100000,75,1.35,2835000,525000,2008,4781.61,20048.4,55342.2,2195.14,0.0,82367.35
3,5,24000,-14.29,0.0,1368000,57,1.42,1943000,301000,2009,9583.27,22221.27,46708.24,769.63,0.0,79282.42
3,5,25000,4.17,1.0,1500000,60,1.47,2205000,360000,2010,7814.95,19951.39,47329.28,1990.11,0.0,77085.73
3,5,22000,-12.0,0.0,1408000,64,1.62,2281000,239000,2011,12994.93,33426.71,73857.06,6336.75,0.0,126615.45
3,5,25000,13.64,1.0,1575000,63,1.98,3119000,189000,2012,10889.07,27576.96,74337.45,131.62,0.0,112935.1
3,5,22000,-12.0,0.0,1320000,60,2.02,2666000,66000,2013,38224.41,38159.81,52632.72,0.0,0.0,129016.94
3,5,21000,-4.55,0.0,1365000,65,2.04,2785000,137000,2014,33516.0,37626.07,52481.7,1525.82,0.0,125149.59
3,5,24000,14.29,1.0,1728000,72,2.06,3560000,121000,2015,2359.83,11543.18,11845.44,1649.06,0.0,27397.51
4,6,400000,0.0,0.0,24000000,60,0.51,12240000,6480000,1994,0.0,5176.45,0.0,0.0,0.0,5176.45
4,6,420000,5.0,1.0,39060000,93,0.63,24608000,4687000,1995,0.0,63000.62,0.0,0.0,0.0,63000.62
4,6,390000,-7.14,0.0,27300000,70,0.84,22932000,4641000,1996,0.0,72758.5,0.0,0.0,0.0,72758.5
4,6,420000,7.69,1.0,31500000,75,0.7,22050000,9450000,1997,0.0,169137.77,0.0,0.0,0.0,169137.77
4,6,450000,7.14,1.0,37350000,83,0.62,23157000,12326000,1998,0.0,134586.04,0.0,0.0,0.0,134586.04
4,6,465000,3.33,1.0,27900000,60,0.55,15345000,9486000,1999,0.0,92106.71,0.0,0.0,0.0,92106.71
4,6,440000,-5.38,0.0,30800000,70,0.59,18172000,11396000,2000,0.0,67894.66,0.0,0.0,0.0,67894.66
4,6,460000,4.55,1.0,28060000,61,0.69,19361000,7857000,2001,0.0,77555.54,0.0,0.0,0.0,77555.54
4,6,470000,2.17,1.0,23500000,50,1.32,31020000,3525000,2002,0.0,80806.69,11071.17,6630.4,0.0,98508.27
4,6,480000,2.13,1.0,32160000,67,1.39,44702000,6432000,2003,0.0,84903.77,10174.55,27101.43,0.0,122179.74
4,6,390000,-18.75,0.0,17550000,45,1.05,18428000,5792000,2004,0.0,85754.97,9786.76,35238.91,0.0,130780.64
4,6,400000,2.56,1.0,30000000,75,0.86,25800000,9300000,2005,0.0,93837.34,12038.78,30858.54,0.0,136734.66
4,6,380000,-5.0,0.0,19760000,52,0.97,19167000,7706000,2006,0.0,100355.96,10943.53,30784.69,87.74,142171.92
4,6,340000,-10.53,0.0,13600000,40,1.04,14144000,3672000,2007,2.87,247325.81,5603.71,24800.46,63.27,277796.12
4,6,360000,5.88,1.0,18360000,51,1.39,25520000,4039000,2008,1340.41,135530.94,7483.37,80425.29,37.7,224817.71
4,6,355000,-1.39,0.0,11715000,33,1.39,16284000,2109000,2009,1756.86,163090.93,9074.01,20935.98,0.0,194857.78
4,6,410000,15.49,1.0,27470000,67,1.55,42579000,6318000,2010,3110.28,207124.07,9968.64,25269.38,0.0,245472.38
4,6,370000,-9.76,0.0,17760000,48,1.65,29304000,3730000,2011,31370.68,247911.14,16294.81,34076.85,0.0,329653.47
4,6,330000,-10.81,0.0,11550000,35,1.94,22407000,3119000,2012,6389.22,248672.39,16693.62,38411.14,0.66,310167.03
4,6,330000,0.0,0.0,10890000,33,2.11,22978000,2505000,2013,14482.83,287211.62,26872.81,39849.88,0.0,368417.13
4,6,320000,-3.03,0.0,12480000,39,2.06,25709000,2995000,2014,17295.71,297412.85,33618.51,44432.41,0.0,392759.47
4,6,275000,-14.06,0.0,8250000,30,2.03,16748000,1485000,2015,316627.02,331948.48,39485.01,50381.8,0.0,738442.32
4,8,45000,0.0,0.0,2700000,60,0.73,1971000,1404000,1995,0.0,1444.47,0.0,0.0,0.0,1444.47
4,8,30000,-33.33,0.0,2220000,74,0.85,1887000,1132000,1996,0.0,1475.55,0.0,0.0,0.0,1475.55
4,8,35000,16.67,1.0,1925000,55,0.82,1579000,982000,1997,0.0,9607.52,0.0,0.0,0.0,9607.52
4,8,27000,-22.86,0.0,1944000,72,0.7,1361000,1594000,1998,0.0,3801.87,0.0,0.0,0.0,3801.87
4,8,27000,0.0,0.0,2052000,76,0.68,1395000,1436000,1999,0.0,2014.8,0.0,0.0,0.0,2014.8
4,8,29000,7.41,1.0,1740000,60,0.62,1079000,957000,2000,0.0,581.58,0.0,0.0,0.0,581.58
4,8,26000,-10.34,0.0,1430000,55,0.71,1015000,529000,2001,0.0,3472.28,21.61,0.0,0.0,3493.89
4,8,24000,-7.69,0.0,1440000,60,1.29,1858000,576000,2002,0.0,2674.65,779.55,0.0,0.0,3454.2
4,8,24000,0.0,0.0,2064000,86,1.4,2890000,722000,2003,0.0,840.18,1069.9,0.0,0.0,1910.09
4,8,23000,-4.17,0.0,1840000,80,1.35,2484000,791000,2004,4103.91,3653.06,4073.04,0.0,0.0,11830.0
4,8,28000,21.74,1.0,1960000,70,0.97,1901000,902000,2005,11838.6,5251.19,1372.38,0.0,0.0,18462.17
4,8,36000,28.57,1.0,2700000,75,1.04,2808000,1458000,2006,6979.61,1948.45,3227.57,0.0,0.0,12155.63
4,8,31000,-13.89,0.0,1581000,51,1.15,1818000,838000,2007,4901.54,3955.09,2374.6,0.0,0.0,11231.23
4,8,27000,-12.9,0.0,1215000,45,1.51,1835000,656000,2008,10789.64,2117.32,5348.19,26.9,0.0,18282.05
4,8,28000,3.7,1.0,1484000,53,1.43,2122000,326000,2009,16259.97,5648.02,4797.26,0.0,0.0,26705.26
4,8,34000,21.43,1.0,1904000,56,1.52,2894000,533000,2010,36647.88,7573.54,9094.73,0.0,0.0,53316.15
4,8,31000,-8.82,0.0,1705000,55,2.0,3410000,443000,2011,44608.55,8354.64,7620.94,0.0,0.0,60584.13
4,8,25000,-19.35,0.0,1200000,48,2.07,2484000,468000,2012,27081.14,8633.08,11431.63,0.0,0.0,47145.85
4,8,26000,4.0,1.0,1118000,43,2.1,2348000,324000,2013,21586.56,7223.01,13669.76,0.0,0.0,42479.33
4,8,27000,3.85,1.0,999000,37,2.11,2108000,200000,2014,19088.06,2514.81,19157.51,0.0,0.0,40760.39
4,8,29000,7.41,1.0,1479000,51,2.26,3343000,399000,2015,0.0,10070.28,456.36,0.0,0.0,10526.63
3,12,230000,0.0,0.0,19320000,84,0.47,9080000,2898000,1994,0.0,6700.73,0.0,0.0,0.0,6700.73
3,12,230000,0.0,0.0,19780000,86,0.64,12659000,1780000,1995,0.0,10645.02,0.0,0.0,0.0,10645.02
3,12,240000,4.35,1.0,25200000,105,0.86,21672000,2268000,1996,0.0,27068.36,0.0,0.0,0.0,27068.36
3,12,240000,0.0,0.0,16080000,67,0.73,11738000,2734000,1997,0.0,20607.71,0.0,0.0,0.0,20607.71
3,12,230000,-4.17,0.0,22540000,98,0.64,14426000,4508000,1998,0.0,24359.1,0.0,0.0,0.0,24359.1
3,12,228000,-0.87,0.0,23256000,102,0.53,12326000,4186000,1999,0.0,24634.01,0.0,0.0,0.0,24634.01
3,12,232000,1.75,1.0,24360000,105,0.54,13154000,2923000,2000,0.0,13236.11,0.0,0.0,0.0,13236.11
3,12,220000,-5.17,0.0,22000000,100,0.64,14080000,3432000,2001,0.0,20676.71,0.0,0.0,0.0,20676.71
3,12,220000,0.0,0.0,20460000,93,1.14,23324000,2026000,2002,0.0,17298.57,22.49,0.0,0.0,17321.06
3,12,210000,-4.55,0.0,14910000,71,1.32,19681000,1491000,2003,0.0,78479.27,0.0,0.0,0.0,78479.27
3,12,205000,-2.38,0.0,20090000,98,1.02,20492000,2009000,2004,0.0,34945.47,2528.04,0.0,0.0,37473.51
3,12,160000,-21.95,0.0,13760000,86,0.87,11971000,2477000,2005,17.42,59132.17,4161.89,206.13,0.0,63517.6
3,12,170000,6.25,1.0,13770000,81,1.0,13770000,1790000,2006,188.27,45404.2,1378.77,344.36,0.0,47315.61
3,12,160000,-5.88,0.0,11360000,71,0.99,11246000,1363000,2007,186.07,93873.05,2058.68,36.38,0.0,96154.17
3,12,150000,-6.25,0.0,11850000,79,1.32,15642000,1304000,2008,296.08,68433.25,4744.35,399.26,0.0,73872.94
3,12,170000,13.33,1.0,11560000,68,1.42,16415000,1618000,2009,212.31,70099.5,4932.84,1619.07,0.0,76863.73
3,12,200000,17.65,1.0,13800000,69,1.56,21528000,1794000,2010,525.8,65623.68,8157.32,640.88,0.0,74947.69
3,12,180000,-10.0,0.0,10980000,61,1.68,18446000,988000,2011,789.7,84179.99,29813.99,1035.73,0.0,115819.41
3,12,193000,7.22,1.0,12352000,64,1.84,22728000,1235000,2012,1449.98,100624.27,24847.64,1074.97,0.0,127996.86
3,12,220000,13.99,1.0,13420000,61,2.03,27243000,1074000,2013,621.48,135654.84,29301.64,1419.56,0.0,166997.52
3,12,245000,11.36,1.0,14700000,60,2.08,30576000,1029000,2014,1892.89,66586.88,29193.39,813.29,0.0,98486.44
3,12,220000,-10.2,0.0,11880000,54,1.97,23404000,832000,2015,438.5,83439.23,17618.24,1569.69,0.0,103065.67
3,12,215000,-2.27,0.0,10750000,50,2.43,26123000,538000,2016,206.79,115919.94,25667.1,3.97,0.0,141797.8
3,13,70000,0.0,0.0,4340000,62,0.71,3081000,260000,1995,0.0,1.98,0.0,0.0,0.0,1.98
3,13,75000,7.14,1.0,5100000,68,0.88,4488000,306000,1996,0.0,2224.02,0.0,0.0,0.0,2224.02
3,13,75000,0.0,0.0,3450000,46,0.79,2726000,587000,1997,0.0,23934.04,0.0,0.0,0.0,23934.04
3,13,75000,0.0,0.0,4200000,56,0.69,2898000,307000,1998,0.0,11595.43,0.0,0.0,0.0,11595.43
3,13,65000,-13.33,0.0,3315000,51,0.64,2122000,497000,1999,0.0,8042.02,0.0,0.0,0.0,8042.02
3,13,55000,-15.38,0.0,3135000,57,0.63,1975000,376000,2000,0.0,6757.83,0.0,0.0,0.0,6757.83
3,13,55000,0.0,0.0,3135000,57,0.7,2195000,188000,2001,0.0,9099.36,0.0,0.0,0.0,9099.36
3,13,50000,-9.09,0.0,2600000,52,1.13,2938000,52000,2002,0.0,12216.48,5828.36,0.0,0.0,18044.84
3,13,52000,4.0,1.0,3380000,65,1.28,4326000,270000,2003,0.0,26013.89,3682.16,0.0,0.0,29696.05
3,13,63000,21.15,1.0,3087000,49,1.2,3704000,648000,2004,10290.96,8659.1,4019.03,0.22,5.95,22975.25
3,13,59000,-6.35,0.0,2891000,49,0.89,2573000,434000,2005,128.75,7770.41,7332.8,16.76,45.42,15294.13
3,13,63000,6.78,1.0,4662000,74,1.2,5594000,746000,2006,2560.89,24369.24,20659.74,116.18,91.27,47797.32
3,13,60000,-4.76,0.0,3480000,58,1.19,4141000,522000,2007,8237.57,12283.28,17286.23,23.81,0.0,37830.88
3,13,65000,8.33,1.0,4615000,71,1.52,7015000,369000,2008,4283.14,14481.73,20874.03,57.1,47.4,39743.39
3,13,65000,0.0,0.0,2665000,41,1.47,3918000,346000,2009,5081.88,25412.46,20864.55,61.29,0.88,51421.06
3,13,55000,-15.38,0.0,2530000,46,1.67,4225000,152000,2010,4431.51,34170.77,18853.05,100.53,22.93,57578.79
3,13,65000,18.18,1.0,2795000,43,1.65,4612000,196000,2011,5715.04,83813.36,39676.37,13.23,28.88,129246.88
3,13,59000,-9.23,0.0,3009000,51,1.92,5777000,181000,2012,4470.31,46786.5,38628.52,137.35,13.01,90035.69
3,13,67000,13.56,1.0,3350000,50,2.26,7571000,637000,2013,10035.22,39327.6,48995.31,74.3,0.0,98432.43
3,13,73000,8.96,1.0,4526000,62,2.19,9912000,362000,2014,17195.4,61294.46,35942.62,59.52,0.0,114492.01
3,13,69000,-5.48,0.0,2760000,40,2.43,6707000,221000,2015,3823.7,54984.39,6459.54,91.71,0.0,65359.34
3,13,96000,39.13,1.0,3744000,39,2.69,10071000,899000,2016,9955.19,94653.27,20508.94,139.99,0.0,125257.4
4,16,127000,0.0,0.0,7493000,59,0.52,3896000,1274000,1994,0.0,116.18,0.0,0.0,0.0,116.18
4,16,125000,-1.57,0.0,6000000,48,0.69,4140000,1020000,1995,0.0,401.46,0.0,0.0,0.0,401.46
4,16,110000,-12.0,0.0,4950000,45,0.88,4356000,1535000,1996,0.0,2442.06,0.0,0.0,0.0,2442.06
4,16,120000,9.09,1.0,7680000,64,0.72,5530000,2304000,1997,0.0,4872.44,0.0,0.0,0.0,4872.44
4,16,120000,0.0,0.0,6000000,50,0.65,3900000,2220000,1998,0.0,4665.64,0.0,0.0,0.0,4665.64
4,16,120000,0.0,0.0,5760000,48,0.59,3398000,3110000,1999,0.0,1999.15,0.0,0.0,0.0,1999.15
4,16,100000,-16.67,0.0,4700000,47,0.52,2444000,2679000,2000,0.0,9975.48,0.0,0.0,0.0,9975.48
4,16,100000,0.0,0.0,4600000,46,0.67,3082000,1610000,2001,0.0,5776.99,319.89,0.0,0.0,6096.88
4,16,100000,0.0,0.0,5700000,57,1.37,7809000,1653000,2002,0.0,4701.58,2981.31,9.92,0.0,7692.81
4,16,100000,0.0,0.0,4600000,46,1.33,6118000,1380000,2003,0.0,7939.51,1268.54,59.75,0.0,9267.79
4,16,100000,0.0,0.0,6300000,63,1.02,6426000,2520000,2004,0.66,7491.75,2145.98,295.2,133.82,10067.41
4,16,95000,-5.0,0.0,3515000,37,0.8,2812000,1793000,2005,218.48,8269.32,3544.81,257.94,50.71,12341.26
4,16,95000,0.0,0.0,4180000,44,0.97,4055000,2592000,2006,2616.45,12071.85,2439.41,346.35,6.17,17480.23
4,16,92000,-3.16,0.0,3772000,41,1.15,4338000,1848000,2007,133.6,21068.48,2690.74,148.81,41.01,24082.64
4,16,90000,-2.17,0.0,3600000,40,1.46,5256000,1440000,2008,1036.61,34954.51,3996.98,167.77,34.39,40190.27
4,16,103000,14.44,1.0,4738000,46,1.52,7202000,1706000,2009,5188.36,50119.89,8194.8,136.03,42.55,63681.63
4,16,97000,-5.83,0.0,2619000,27,1.61,4217000,1179000,2010,9454.08,42001.15,14860.92,316.14,80.91,66713.2
4,16,87000,-10.31,0.0,3132000,36,1.78,5575000,1879000,2011,2552.07,57020.58,10421.25,239.64,60.85,70294.39
4,16,92000,5.75,1.0,2944000,32,1.63,4799000,530000,2012,7331.91,74957.17,13166.45,192.9,10.8,95659.24
4,16,83000,-9.78,0.0,2656000,32,2.02,5365000,1036000,2013,9297.78,60769.54,17053.64,97.89,42.77,87261.61
4,16,100000,20.48,1.0,3400000,34,2.03,6902000,850000,2014,14861.58,67899.07,12529.97,88.41,68.78,95447.81
4,16,89000,-11.0,0.0,2848000,32,1.93,5497000,1082000,2015,0.66,46287.82,392.86,117.51,7.05,46805.9
4,16,97000,8.99,1.0,3298000,34,1.82,6002000,1253000,2016,2.43,36690.21,5023.23,254.85,0.0,41970.72
2,17,11000,0.0,0.0,814000,74,1.13,920000,212000,1995,0.0,110.23,0.0,0.0,0.0,110.23
2,17,11000,0.0,0.0,814000,74,1.35,1099000,285000,1996,0.0,153.88,0.0,0.0,0.0,153.88
2,17,7000,-36.36,0.0,483000,69,1.27,613000,222000,1997,0.0,315.7,0.0,0.0,0.0,315.7
2,17,9000,28.57,1.0,639000,71,1.19,760000,204000,1998,0.0,442.91,0.0,0.0,0.0,442.91
2,17,9000,0.0,0.0,594000,66,1.15,683000,327000,1999,0.0,509.27,0.0,0.0,0.0,509.27
2,17,8000,-11.11,0.0,488000,61,1.17,571000,146000,2000,0.0,918.0,0.0,0.0,0.0,918.0
2,17,6000,-25.0,0.0,456000,76,1.58,720000,251000,2001,0.0,1434.77,0.0,0.0,0.0,1434.77
2,17,9000,50.0,1.0,720000,80,1.47,1058000,130000,2002,0.0,647.5,34.61,0.0,0.0,682.11
2,17,7000,-22.22,0.0,420000,60,1.83,769000,252000,2003,0.0,1742.97,47.84,102.07,0.0,1892.89
2,17,7000,0.0,0.0,385000,55,1.86,716000,193000,2004,84806.32,17463.7,4559.6,1007.29,243.61,108080.52
2,17,8000,14.29,1.0,680000,85,1.84,1251000,408000,2005,104144.17,17569.74,9071.58,163.58,0.0,130949.07
2,17,10000,25.0,1.0,660000,66,2.14,1412000,356000,2006,86795.99,5596.88,19292.21,165.13,141.76,111991.96
2,17,9000,-10.0,0.0,567000,63,2.49,1412000,374000,2007,131748.47,14452.18,31347.53,161.16,0.0,177709.34
2,17,8000,-11.11,0.0,448000,56,2.59,1160000,116000,2008,184004.64,23082.4,38695.1,54.9,0.0,245837.03
2,17,8000,0.0,0.0,272000,34,2.55,694000,57000,2009,191884.4,18676.02,73633.95,271.61,0.0,284465.98
2,17,9000,12.5,1.0,369000,41,2.78,1026000,92000,2010,174110.73,163809.85,76731.23,54.01,0.0,414705.83
2,17,7000,-22.22,0.0,350000,50,3.9,1365000,98000,2011,287133.8,147181.49,66526.25,216.49,0.0,501058.03
2,17,7000,0.0,0.0,427000,61,3.55,1516000,145000,2012,469048.67,129843.23,83882.58,336.65,0.0,683111.14
2,17,7000,0.0,0.0,336000,48,4.19,1408000,101000,2013,490380.6,175449.38,68632.77,394.41,0.0,734857.16
2,17,8000,14.29,1.0,392000,49,4.11,1611000,94000,2014,613984.75,189271.92,85028.77,203.05,0.0,888488.49
2,17,8000,0.0,0.0,408000,51,4.66,1901000,155000,2015,37.7,15100.78,34941.28,178.35,0.0,50258.12
2,17,10000,25.0,1.0,480000,48,5.42,2602000,77000,2016,5.51,17944.08,5974.75,0.0,0.0,23924.34
2,18,12000,0.0,0.0,756000,63,0.72,544000,166000,1995,0.0,179.24,0.0,0.0,0.0,179.24
2,18,9000,-25.0,0.0,675000,75,1.03,695000,412000,1996,0.0,1362.02,0.0,0.0,0.0,1362.02
2,18,8000,-11.11,0.0,568000,71,1.13,642000,352000,1997,0.0,914.26,0.0,0.0,0.0,914.26
2,18,9000,12.5,1.0,828000,92,0.85,704000,489000,1998,0.0,205.25,0.0,0.0,0.0,205.25
2,18,10000,11.11,1.0,810000,81,0.9,729000,437000,1999,0.0,1010.38,0.0,0.0,0.0,1010.38
2,18,8000,-20.0,0.0,520000,65,1.03,536000,286000,2000,0.0,504.64,0.0,0.0,0.0,504.64
2,18,7000,-12.5,0.0,532000,76,0.92,489000,186000,2001,0.0,867.08,0.0,0.0,0.0,867.08
2,18,8000,14.29,1.0,496000,62,1.19,590000,233000,2002,0.0,563.72,66.58,0.0,0.0,630.3
2,18,5000,-37.5,0.0,280000,56,1.66,465000,78000,2003,0.0,974.0,152.12,144.4,0.0,1270.52
2,18,7000,40.0,1.0,413000,59,1.47,607000,145000,2004,41566.4,8011.16,4613.39,147.05,184.31,54522.3
2,18,8000,14.29,1.0,512000,64,1.18,604000,189000,2005,86012.47,5936.83,14940.73,91.93,54.01,107035.97
2,18,7000,-12.5,0.0,378000,54,1.58,597000,125000,2006,62203.21,9470.18,22122.51,71.87,117.07,93984.83
2,18,8000,14.29,1.0,424000,53,1.5,636000,119000,2007,99683.78,15645.32,22304.61,89.51,22.49,137745.7
2,18,7000,-12.5,0.0,469000,67,1.68,788000,150000,2008,81683.03,6046.62,23832.19,44.53,41.01,111647.38
2,18,9000,28.57,1.0,288000,32,2.02,582000,101000,2009,81824.57,30621.77,33344.48,169.32,43.65,146003.78
2,18,10000,11.11,1.0,430000,43,2.23,959000,151000,2010,85256.06,110257.37,37006.57,67.9,30.2,232618.11
2,18,8000,-20.0,0.0,408000,51,2.14,873000,147000,2011,124313.82,118469.36,33509.82,100.53,9.48,276403.02
2,18,8000,0.0,0.0,472000,59,2.54,1199000,203000,2012,239208.39,116515.19,42924.44,62.17,3.75,398713.94
2,18,6000,-25.0,0.0,282000,47,2.77,781000,82000,2013,271320.26,81914.74,52634.04,60.85,0.0,405929.89
2,18,5000,-16.67,0.0,310000,62,3.19,989000,115000,2014,329122.16,146959.26,41544.35,125.22,0.88,517751.87
2,18,6000,20.0,1.0,318000,53,3.23,1027000,165000,2015,15.65,5332.54,2839.33,84.44,0.0,8271.96
2,18,7000,16.67,1.0,434000,62,3.46,1502000,208000,2016,14.11,3898.65,2067.72,77.82,0.0,6058.3
2,19,50000,0.0,0.0,3400000,68,0.77,2618000,612000,1995,0.0,52.25,0.0,0.0,0.0,52.25
2,19,58000,16.0,1.0,3886000,67,0.95,3692000,933000,1996,0.0,85.1,0.0,0.0,0.0,85.1
2,19,45000,-22.41,0.0,3330000,74,0.86,2864000,1765000,1997,0.0,105.16,0.0,0.0,0.0,105.16
2,19,50000,11.11,1.0,3900000,78,0.7,2730000,2301000,1998,0.0,710.77,0.0,0.0,0.0,710.77
2,19,40000,-20.0,0.0,2600000,65,0.65,1690000,2028000,1999,0.0,144.4,0.0,0.0,0.0,144.4
2,19,30000,-25.0,0.0,2010000,67,0.68,1367000,1206000,2000,0.0,135.36,0.0,0.0,0.0,135.36
2,19,33000,10.0,1.0,1683000,51,0.75,1262000,875000,2001,0.0,126.99,1.32,0.0,0.0,128.31
2,19,33000,0.0,0.0,2310000,70,1.43,3303000,901000,2002,0.0,225.97,7.28,0.0,0.0,233.25
2,19,32000,-3.03,0.0,1888000,59,1.42,2681000,868000,2003,0.0,175.05,9.7,20.28,0.0,205.03
2,19,35000,9.38,1.0,2345000,67,1.06,2486000,1337000,2004,48058.35,17952.9,11640.63,35.27,0.0,77687.15
2,19,28000,-20.0,0.0,2464000,88,1.21,2981000,1232000,2005,87439.96,12973.98,18239.5,20.06,0.0,118673.51
2,19,26000,-7.14,0.0,2184000,84,1.37,2992000,1441000,2006,107951.33,9270.88,41072.78,18.52,0.0,158313.51
2,19,26000,0.0,0.0,2106000,81,1.31,2759000,1221000,2007,123140.52,13353.62,68474.92,17.42,0.0,204986.47
2,19,24000,-7.69,0.0,1488000,62,1.58,2351000,580000,2008,210973.57,37467.34,82314.44,1.98,0.0,330757.33
2,19,26000,8.33,1.0,1092000,42,1.6,1747000,339000,2009,192837.02,39670.2,116000.85,16.53,0.0,348524.6
2,19,27000,3.85,1.0,1323000,49,1.92,2540000,463000,2010,135174.89,166578.86,106157.43,12.79,0.0,407923.97
2,19,25000,-7.41,0.0,1550000,62,1.96,3038000,961000,2011,285188.22,81008.2,125259.82,22.71,0.0,491478.95
2,19,37000,48.0,1.0,2257000,61,2.17,4898000,1196000,2012,370881.9,108750.29,130703.7,24.25,0.0,610360.13
2,19,39000,5.41,1.0,1872000,48,2.45,4586000,1217000,2013,473632.31,155901.43,110126.85,56.22,0.0,739716.81
2,19,35000,-10.26,0.0,1505000,43,2.41,3627000,933000,2014,566338.01,118912.93,142935.83,26.24,0.0,828213.01
2,19,36000,2.86,1.0,1800000,50,2.2,3960000,990000,2015,7.05,10903.18,13237.0,7.28,0.0,24154.51
2,19,37000,2.78,1.0,1776000,48,2.08,3694000,746000,2016,0.0,6967.93,2437.87,15.43,0.0,9421.23
2,20,17000,0.0,0.0,1139000,67,0.89,1014000,182000,1995,0.0,53.79,0.0,0.0,0.0,53.79
2,20,16000,-5.88,0.0,816000,51,0.94,767000,294000,1996,0.0,16.76,0.0,0.0,0.0,16.76
2,20,17000,6.25,1.0,1207000,71,0.81,978000,688000,1997,0.0,345.46,0.0,0.0,0.0,345.46
2,20,16000,-5.88,0.0,736000,46,0.87,640000,390000,1998,0.0,44.31,0.0,0.0,0.0,44.31
2,20,13000,-18.75,0.0,871000,67,1.11,967000,854000,1999,0.0,49.82,0.0,0.0,0.0,49.82
2,20,15000,15.38,1.0,1020000,68,0.91,928000,520000,2000,0.0,63.27,0.0,0.0,0.0,63.27
2,20,13000,-13.33,0.0,663000,51,0.96,636000,530000,2001,0.0,103.4,0.0,0.0,0.0,103.4
2,20,17000,30.77,1.0,884000,52,1.5,1326000,407000,2002,0.0,22.49,216.27,0.0,0.0,238.76
2,20,16000,-5.88,0.0,912000,57,1.41,1286000,447000,2003,0.0,52.25,180.12,35.71,0.0,268.08
2,20,14000,-12.5,0.0,1120000,80,1.18,1322000,683000,2004,16489.03,23448.59,7883.51,44.53,0.0,47865.66
2,20,16000,14.29,1.0,800000,50,1.05,840000,328000,2005,23124.29,6928.25,12058.62,0.0,0.0,42111.16
2,20,14000,-12.5,0.0,770000,55,1.17,901000,246000,2006,28574.11,8740.45,20737.56,0.0,0.0,58052.12
2,20,14000,0.0,0.0,560000,40,1.18,661000,196000,2007,44156.39,2548.32,14631.2,0.0,518.75,61854.66
2,20,10000,-28.57,0.0,610000,61,1.55,946000,128000,2008,40949.1,13817.03,26011.02,0.0,0.0,80777.15
2,20,9000,-10.0,0.0,567000,63,1.85,1049000,164000,2009,53860.69,19654.65,58101.07,0.0,0.0,131616.41
2,20,9000,0.0,0.0,468000,52,2.02,945000,103000,2010,33362.11,49085.26,39626.11,0.0,0.0,122073.48
2,20,7000,-22.22,0.0,308000,44,2.15,662000,117000,2011,65130.5,43456.42,53759.5,0.0,0.0,162346.43
2,20,6000,-14.29,0.0,330000,55,2.28,752000,125000,2012,107452.42,81862.49,65165.12,0.0,0.0,254480.03
2,20,6000,0.0,0.0,276000,46,2.5,690000,39000,2013,157645.07,65774.92,64081.77,0.0,0.0,287501.75
2,20,7000,16.67,1.0,525000,75,2.38,1250000,84000,2014,149379.72,103208.09,69038.42,0.66,0.0,321626.88
2,20,8000,14.29,1.0,288000,36,3.5,1008000,107000,2015,0.0,4935.93,4916.31,0.44,0.0,9852.68
2,20,7000,-12.5,0.0,336000,48,3.04,1021000,54000,2016,0.0,4897.57,5309.39,0.0,0.0,10206.96
3,21,3000,0.0,0.0,132000,44,1.02,135000,30000,1995,0.0,173.72,0.0,0.0,0.0,173.72
3,21,3000,0.0,0.0,180000,60,1.28,230000,23000,1996,0.0,76.06,0.0,0.0,0.0,76.06
3,21,3000,0.0,0.0,180000,60,1.48,266000,54000,1997,0.0,3020.99,0.0,0.0,0.0,3020.99
3,21,3000,0.0,0.0,150000,50,1.4,210000,51000,1998,0.0,7314.72,0.0,0.0,0.0,7314.72
3,21,3000,0.0,0.0,150000,50,1.24,186000,12000,1999,0.0,10067.63,0.0,0.0,0.0,10067.63
3,21,4000,33.33,1.0,192000,48,1.35,259000,54000,2000,0.0,7241.52,0.0,0.0,0.0,7241.52
3,21,4000,0.0,0.0,312000,78,1.41,440000,125000,2001,0.0,5964.39,0.0,0.0,0.0,5964.39
3,21,5000,25.0,1.0,270000,54,1.63,440000,78000,2002,0.0,6310.51,303.58,0.0,0.0,6614.09
3,21,5000,0.0,0.0,240000,48,1.67,401000,14000,2003,0.0,4439.89,689.83,7.94,0.0,5137.65
3,21,5000,0.0,0.0,280000,56,1.96,549000,34000,2004,3649.97,7634.17,768.53,120.37,4.19,12177.23
3,21,5000,0.0,0.0,250000,50,2.08,520000,40000,2005,4222.51,4014.84,944.68,62.61,0.0,9244.64
3,21,5000,0.0,0.0,280000,56,2.19,613000,70000,2006,8052.16,10300.66,3136.74,134.26,2.43,21626.25
3,21,4000,-20.0,0.0,244000,61,2.12,517000,54000,2007,21329.94,5840.93,3460.38,67.68,0.0,30698.93
3,21,4000,0.0,0.0,156000,39,2.44,381000,27000,2008,11555.31,12358.01,4527.19,80.25,0.0,28520.76
3,21,5000,25.0,1.0,175000,35,2.71,474000,25000,2009,17786.01,11756.59,8372.05,94.14,0.0,38008.8
3,21,5000,0.0,0.0,335000,67,2.72,911000,67000,2010,19252.53,36170.8,8264.47,47.62,0.0,63735.42
3,21,4000,-20.0,0.0,156000,39,3.17,495000,12000,2011,17597.3,36139.06,24921.94,72.09,0.0,78730.38
3,21,5000,25.0,1.0,255000,51,3.15,803000,41000,2012,43506.68,30760.0,14802.94,41.01,0.0,89110.63
3,21,3000,-40.0,0.0,123000,41,3.25,400000,17000,2013,72438.83,31428.44,10091.44,59.97,0.0,114018.67
3,21,5000,66.67,1.0,235000,47,3.96,931000,56000,2014,80544.79,67825.66,18682.19,100.09,0.0,167152.72
3,21,5000,0.0,0.0,230000,46,4.04,929000,55000,2015,5.51,8639.25,1284.19,128.97,0.0,10057.93
3,21,5000,0.0,0.0,230000,46,4.02,925000,48000,2016,18.52,9854.66,749.13,60.19,0.0,10682.5
3,22,33000,0.0,0.0,3927000,119,0.63,2474000,275000,1995,0.0,2085.35,0.0,0.0,0.0,2085.35
3,22,37000,12.12,1.0,3922000,106,0.83,3255000,784000,1996,0.0,3100.58,0.0,0.0,0.0,3100.58
3,22,44000,18.92,1.0,5060000,115,0.7,3542000,759000,1997,0.0,1088.64,0.0,0.0,0.0,1088.64
3,22,41000,-6.82,0.0,4551000,111,0.59,2685000,865000,1998,0.0,956.37,0.0,0.0,0.0,956.37
3,22,48000,17.07,1.0,5472000,114,0.49,2681000,821000,1999,0.0,1385.38,0.0,0.0,0.0,1385.38
3,22,43000,-10.42,0.0,4042000,94,0.52,2102000,1334000,2000,0.0,6536.04,0.0,0.0,0.0,6536.04
3,22,45000,4.65,1.0,4770000,106,0.6,2862000,572000,2001,0.0,6181.98,1014.35,0.0,0.0,7196.33
3,22,35000,-22.22,0.0,4340000,124,1.16,5034000,347000,2002,0.0,2886.07,487.66,166.45,0.0,3540.18
3,22,34000,-2.86,0.0,3060000,90,1.24,3794000,275000,2003,0.0,2758.2,2861.16,56.22,0.0,5675.58
3,22,35000,2.94,1.0,3430000,98,0.79,2710000,240000,2004,301.15,11764.09,15551.41,1081.15,0.0,28697.79
3,22,35000,0.0,0.0,3395000,97,0.72,2444000,611000,2005,1235.25,7181.12,12320.09,201.72,0.0,20938.18
3,22,30000,-14.29,0.0,2700000,90,0.9,2430000,675000,2006,4209.73,11013.41,29806.72,785.51,0.0,45815.37
3,22,29000,-3.33,0.0,2581000,89,1.08,2787000,413000,2007,1609.59,8697.9,21746.84,1674.85,0.0,33729.18
3,22,40000,37.93,1.0,3080000,77,1.36,4189000,493000,2008,2333.37,23916.19,31692.55,995.61,0.0,58937.72
3,22,37000,-7.5,0.0,3811000,103,1.36,5183000,610000,2009,9305.27,10986.52,32202.92,847.02,0.0,53341.73
3,22,36000,-2.7,0.0,2880000,80,1.5,4320000,288000,2010,8396.31,40262.14,14260.16,236.34,0.0,63154.94
3,22,36000,0.0,0.0,2772000,77,1.67,4629000,471000,2011,10693.96,45734.46,41946.69,4694.74,0.0,103069.86
3,22,41000,13.89,1.0,3526000,86,1.83,6453000,141000,2012,14361.13,39977.08,46119.38,0.22,0.0,100457.82
3,22,50000,21.95,1.0,4900000,98,1.89,9261000,490000,2013,11946.63,33873.37,36943.96,24.25,0.0,82788.21
3,22,48000,-4.0,0.0,4032000,84,2.18,8790000,524000,2014,8831.94,46014.88,54357.4,1197.33,0.0,110401.55
3,22,44000,-8.33,0.0,4356000,99,1.95,8494000,348000,2015,0.0,17149.54,10450.79,1307.34,0.0,28907.67
3,22,50000,13.64,1.0,4300000,86,1.94,8342000,301000,2016,0.0,22785.22,11499.75,623.03,0.0,34907.99
1,23,11000,0.0,0.0,495000,45,0.97,480000,223000,1995,0.0,4612.73,0.0,0.0,0.0,4612.73
1,23,9000,-18.18,0.0,207000,23,1.06,219000,21000,1996,0.0,7133.06,0.0,0.0,0.0,7133.06
1,23,8000,-11.11,0.0,152000,19,0.7,106000,9000,1997,0.0,5309.39,0.0,0.0,0.0,5309.39
1,23,10000,25.0,1.0,260000,26,0.69,179000,117000,1998,0.0,6427.14,0.0,0.0,0.0,6427.14
1,23,14000,40.0,1.0,308000,22,0.83,256000,89000,1999,0.0,10587.92,0.0,0.0,0.0,10587.92
1,23,11000,-21.43,0.0,231000,21,0.75,173000,143000,2000,0.0,9478.55,0.0,0.0,0.0,9478.55
1,23,11000,0.0,0.0,220000,20,0.79,174000,106000,2001,0.0,7392.76,0.0,0.0,0.0,7392.76
1,23,11000,0.0,0.0,451000,41,1.21,546000,266000,2002,0.0,10272.22,664.91,0.0,0.0,10937.13
1,23,8000,-27.27,0.0,264000,33,1.41,372000,145000,2003,0.0,9115.89,2486.59,0.0,0.0,11602.49
1,23,7000,-12.5,0.0,217000,31,1.28,278000,37000,2004,0.0,11114.16,354.5,0.0,0.0,11468.67
1,23,8000,14.29,1.0,208000,26,1.66,345000,193000,2005,0.0,6059.41,789.7,0.0,0.0,6849.1
1,23,11000,37.5,1.0,253000,23,1.6,405000,86000,2006,0.0,5721.44,766.77,314.6,0.0,6802.8
1,23,9000,-18.18,0.0,234000,26,1.32,309000,59000,2007,0.0,4476.27,51.81,418.22,0.0,4946.29
1,23,7000,-22.22,0.0,294000,42,1.57,462000,79000,2008,7.28,7982.06,451.51,6095.34,0.0,14536.18
1,23,6000,-14.29,0.0,300000,50,1.95,585000,51000,2009,410.72,8677.84,1952.41,22.71,0.0,11063.68
1,23,5000,-16.67,0.0,205000,41,2.05,420000,33000,2010,309.31,6037.8,2870.64,871.71,0.0,10089.46
1,23,4000,-20.0,0.0,120000,30,1.98,238000,17000,2011,821.44,6625.99,2664.51,1233.71,0.0,11345.65
1,23,4000,0.0,0.0,136000,34,2.39,325000,24000,2012,434.97,4210.83,3676.43,0.0,0.0,8322.23
1,23,7000,75.0,1.0,301000,43,3.14,945000,27000,2013,220.68,3985.96,4265.94,0.0,0.0,8472.59
1,23,8000,14.29,1.0,376000,47,4.99,1876000,41000,2014,21.38,7050.6,3781.59,503.32,0.0,11356.89
1,23,10000,25.0,1.0,470000,47,5.43,2552000,47000,2015,28.22,3912.76,707.46,0.0,0.0,4648.45
1,23,12000,20.0,1.0,408000,34,3.38,1379000,65000,2016,189.16,4044.82,1322.77,0.0,0.0,5556.75
3,24,7000,0.0,0.0,245000,35,1.03,252000,81000,1995,0.0,797.85,0.0,0.0,0.0,797.85
3,24,7000,0.0,0.0,224000,32,1.21,271000,40000,1996,0.0,1904.79,0.0,0.0,0.0,1904.79
3,24,6000,-14.29,0.0,240000,40,1.59,382000,65000,1997,0.0,1047.42,0.0,0.0,0.0,1047.42
3,24,7000,16.67,1.0,308000,44,1.1,339000,92000,1998,0.0,1046.53,0.0,0.0,0.0,1046.53
3,24,6000,-14.29,0.0,276000,46,1.64,453000,50000,1999,0.0,690.05,0.0,0.0,0.0,690.05
3,24,6000,0.0,0.0,276000,46,1.14,315000,52000,2000,0.0,701.51,0.0,0.0,0.0,701.51
3,24,4000,-33.33,0.0,184000,46,1.6,294000,55000,2001,0.0,748.47,0.0,0.0,0.0,748.47
3,24,3000,-25.0,0.0,138000,46,1.96,270000,21000,2002,0.0,1193.14,46.96,0.0,0.0,1240.1
3,24,2000,-33.33,0.0,84000,42,1.93,162000,21000,2003,0.0,471.13,116.84,2.87,0.0,590.84
2,26,97000,0.0,0.0,8924000,92,0.78,6961000,3570000,1995,0.0,3770.13,0.0,0.0,0.0,3770.13
2,26,90000,-7.22,0.0,8640000,96,1.01,8726000,4320000,1996,0.0,13541.01,0.0,0.0,0.0,13541.01
2,26,85000,-5.56,0.0,5950000,70,0.77,4582000,3273000,1997,0.0,8228.53,0.0,0.0,0.0,8228.53
2,26,80000,-5.88,0.0,6800000,85,0.66,4488000,3672000,1998,0.0,11548.47,0.0,0.0,0.0,11548.47
2,26,73000,-8.75,0.0,6205000,85,0.66,4095000,3475000,1999,0.0,7612.56,0.0,0.0,0.0,7612.56
2,26,72000,-1.37,0.0,5400000,75,0.6,3240000,2970000,2000,0.0,11031.05,0.0,0.0,0.0,11031.05
2,26,76000,5.56,1.0,4560000,60,0.81,3694000,2827000,2001,0.0,9019.99,54.67,0.0,0.0,9074.67
2,26,72000,-5.26,0.0,5544000,77,1.4,7762000,1885000,2002,0.0,6555.89,1679.92,0.0,0.0,8235.81
2,26,65000,-9.72,0.0,4810000,74,1.41,6782000,1732000,2003,0.0,7606.83,2001.14,752.22,0.0,10360.18
2,26,65000,0.0,0.0,4355000,67,1.16,5052000,2439000,2004,7322.65,12668.42,1995.18,574.3,3799.67,26360.23
2,26,65000,0.0,0.0,4420000,68,0.94,4155000,2519000,2005,15020.76,11007.9,5435.28,1604.3,3950.9,37019.14
2,26,72000,10.77,1.0,3960000,55,1.15,4554000,2099000,2006,19032.07,14165.58,12370.14,822.32,2757.54,49147.65
2,26,72000,0.0,0.0,4608000,64,1.19,5484000,2350000,2007,32457.56,8498.6,18406.17,1220.7,4085.17,64668.2
2,26,71000,-1.39,0.0,5183000,73,1.44,7464000,2021000,2008,38586.41,10048.89,18982.24,1645.53,2457.27,71720.34
2,26,66000,-7.04,0.0,3960000,60,1.55,6138000,1505000,2009,24715.14,27598.35,32787.59,1431.68,2385.84,88918.6
2,26,71000,7.58,1.0,4118000,58,1.67,6877000,1524000,2010,26232.36,35612.15,27283.53,1796.11,2884.09,93808.24
2,26,74000,4.23,1.0,4736000,64,1.81,8572000,2084000,2011,39460.1,36381.78,35144.11,2574.56,1852.54,115413.1
2,26,73000,-1.35,0.0,4161000,57,2.03,8447000,1332000,2012,80037.06,37517.83,25205.23,1558.89,925.72,145244.73
2,26,85000,16.44,1.0,4675000,55,2.16,10098000,982000,2013,98939.27,43553.2,32113.19,2485.27,1904.35,178995.29
2,26,91000,7.06,1.0,5733000,63,2.49,14275000,1835000,2014,99828.4,37768.27,44139.63,1751.13,2440.52,185927.95
2,26,90000,-1.1,0.0,5220000,58,2.44,12737000,1984000,2015,1610.04,18305.42,17957.09,3671.58,123.46,41667.59
2,26,89000,-1.11,0.0,5340000,60,2.37,12656000,1709000,2016,1122.37,19337.63,6790.02,3105.65,0.0,30355.67
2,27,165000,0.0,0.0,13530000,82,0.7,9471000,1218000,1995,0.0,1840.2,0.0,0.0,0.0,1840.2
2,27,150000,-9.09,0.0,11550000,77,0.9,10395000,1617000,1996,0.0,13863.33,0.0,0.0,0.0,13863.33
2,27,145000,-3.33,0.0,10585000,73,0.74,7833000,2011000,1997,0.0,9362.37,0.0,0.0,0.0,9362.37
2,27,140000,-3.45,0.0,11060000,79,0.65,7189000,2765000,1998,0.0,5494.36,0.0,0.0,0.0,5494.36
2,27,145000,3.57,1.0,11890000,82,0.61,7253000,3210000,1999,0.0,12852.51,0.0,0.0,0.0,12852.51
2,27,150000,3.45,1.0,13500000,90,0.57,7695000,3105000,2000,0.0,7112.33,0.0,0.0,0.0,7112.33
2,27,135000,-10.0,0.0,10935000,81,0.65,7108000,1859000,2001,0.0,8819.59,230.6,0.0,0.0,9050.2
2,27,117000,-13.33,0.0,8541000,73,1.47,12555000,1110000,2002,0.0,7198.75,3547.46,0.0,0.0,10746.21
2,27,120000,2.56,1.0,9960000,83,1.44,14342000,1892000,2003,0.0,828.28,3071.26,0.0,0.0,3899.54
2,27,135000,12.5,1.0,10125000,75,1.08,10935000,1924000,2004,11615.94,6839.84,11468.89,0.0,0.0,29924.67
2,27,120000,-11.11,0.0,8880000,74,0.9,7992000,1598000,2005,39645.51,2427.29,17572.17,0.0,0.0,59644.96
2,27,125000,4.17,1.0,10000000,80,0.94,9400000,3300000,2006,46809.43,7872.71,33716.62,29.32,0.0,88428.07
2,27,130000,4.0,1.0,8840000,68,1.04,9194000,2564000,2007,62140.38,11443.09,29684.58,0.0,0.0,103268.05
2,27,122000,-6.15,0.0,9516000,78,1.39,13227000,2569000,2008,94524.74,18042.19,46590.73,0.0,0.0,159157.66
2,27,122000,0.0,0.0,7930000,65,1.44,11419000,1427000,2009,109363.61,23551.98,62517.59,270.29,0.0,195703.47
2,27,128000,4.92,1.0,8448000,66,1.55,13094000,1774000,2010,99796.65,88913.31,52288.8,927.71,0.0,241926.47
2,27,120000,-6.25,0.0,6360000,53,1.63,10367000,2099000,2011,208588.61,93974.91,74132.86,492.07,0.0,377188.44
2,27,125000,4.17,1.0,8375000,67,1.92,16080000,1591000,2012,297721.28,64219.78,56798.35,502.43,0.0,419241.84
2,27,130000,4.0,1.0,7540000,58,1.99,15005000,1282000,2013,296007.18,75075.34,68966.55,56.66,0.0,440105.73
2,27,132000,1.54,1.0,7920000,60,2.06,16315000,1426000,2014,425386.79,70879.72,90632.04,129.19,0.0,587027.73
2,27,122000,-7.58,0.0,8296000,68,1.84,15265000,2157000,2015,776.03,21189.07,20044.43,0.0,0.0,42009.52
2,27,124000,1.64,1.0,7316000,59,1.69,12364000,1390000,2016,3688.33,8575.54,8693.27,1228.2,0.0,22185.34
3,28,16000,0.0,0.0,1120000,70,0.68,762000,146000,1995,0.0,3381.01,0.0,0.0,0.0,3381.01
3,28,17000,6.25,1.0,1360000,80,0.87,1183000,299000,1996,0.0,1535.74,0.0,0.0,0.0,1535.74
3,28,19000,11.76,1.0,1387000,73,0.73,1013000,777000,1997,0.0,5663.68,0.0,0.0,0.0,5663.68
3,28,18000,-5.26,0.0,1548000,86,0.58,898000,898000,1998,0.0,3097.05,0.0,0.0,0.0,3097.05
3,28,18000,0.0,0.0,1314000,73,0.54,710000,591000,1999,0.0,5543.08,0.0,0.0,0.0,5543.08
3,28,17000,-5.56,0.0,1224000,72,0.69,845000,649000,2000,0.0,1503.55,373.46,0.0,0.0,1877.02
3,28,17000,0.0,0.0,1122000,66,0.89,999000,224000,2001,0.0,7016.65,3556.5,0.0,0.0,10573.15
3,28,18000,5.88,1.0,1404000,78,1.23,1727000,281000,2002,0.0,8995.52,7583.46,391.54,0.0,16970.52
3,28,21000,16.67,1.0,1449000,69,1.29,1869000,246000,2003,0.0,10981.23,4653.74,177.91,0.0,15812.88
3,28,18000,-14.29,0.0,1170000,65,0.79,924000,421000,2004,609.36,16759.32,10148.1,4639.19,0.0,32155.96
3,28,16000,-11.11,0.0,1280000,80,0.67,858000,346000,2005,9871.2,16035.54,37266.72,3093.09,0.0,66266.55
3,28,14000,-12.5,0.0,1372000,98,0.93,1276000,453000,2006,3417.61,11755.49,59738.66,5700.93,0.0,80612.69
3,28,15000,7.14,1.0,1380000,92,0.91,1256000,166000,2007,569.89,12559.74,44792.42,3283.79,0.0,61205.84
3,28,14000,-6.67,0.0,1372000,98,1.3,1784000,110000,2008,10644.14,26485.9,40866.21,2189.63,0.0,80185.87
3,28,14000,0.0,0.0,1456000,104,1.32,1922000,87000,2009,8379.55,20680.24,30317.31,1639.36,0.0,61016.46
3,28,16000,14.29,1.0,1568000,98,1.44,2258000,78000,2010,4659.91,48397.86,41092.18,442.69,0.0,94592.64
3,28,18000,12.5,1.0,2070000,115,1.53,3167000,104000,2011,14628.55,48925.65,51127.84,669.76,0.0,115351.81
3,28,18000,0.0,0.0,2124000,118,1.77,3759000,64000,2012,27088.86,48955.19,34311.2,178.57,0.0,110533.83
3,28,17000,-5.56,0.0,1972000,116,1.86,3668000,39000,2013,44023.01,27211.0,34243.74,0.0,0.0,105477.74
3,28,20000,17.65,1.0,2240000,112,2.01,4502000,45000,2014,39426.37,35922.34,50121.65,1195.35,0.0,126665.71
3,28,15000,-25.0,0.0,1245000,83,2.4,2988000,87000,2015,425.27,18383.47,7351.31,671.75,0.0,26831.8
3,28,19000,26.67,1.0,1615000,85,1.73,2794000,113000,2016,12778.43,20555.46,44092.45,1780.89,0.0,79207.24
2,29,23000,0.0,0.0,1541000,67,0.73,1125000,308000,1995,0.0,579.15,0.0,0.0,0.0,579.15
2,29,22000,-4.35,0.0,1628000,74,0.92,1498000,326000,1996,0.0,826.29,0.0,0.0,0.0,826.29
2,29,24000,9.09,1.0,1848000,77,0.78,1441000,517000,1997,0.0,1026.47,0.0,0.0,0.0,1026.47
2,29,23000,-4.17,0.0,1518000,66,0.76,1154000,455000,1998,0.0,4991.93,0.0,0.0,0.0,4991.93
2,29,24000,4.35,1.0,1560000,65,0.68,1061000,437000,1999,0.0,3046.79,0.0,0.0,0.0,3046.79
2,29,23000,-4.17,0.0,1725000,75,0.6,1035000,362000,2000,0.0,6077.92,0.0,0.0,0.0,6077.92
2,29,22000,-4.35,0.0,1342000,61,0.71,953000,336000,2001,0.0,2451.76,1.1,0.0,0.0,2452.86
2,29,18000,-18.18,0.0,900000,50,1.42,1278000,189000,2002,0.0,1987.47,1372.6,180.56,0.0,3540.62
2,29,17000,-5.56,0.0,901000,53,1.41,1270000,189000,2003,0.0,1623.48,481.71,308.21,0.0,2413.4
2,29,16000,-5.88,0.0,656000,41,1.36,892000,151000,2004,15570.81,16630.35,13223.33,4685.93,66.58,50176.99
2,29,15000,-6.25,0.0,750000,50,1.22,915000,180000,2005,23988.28,13912.27,9881.34,103.18,0.0,47885.06
2,29,15000,0.0,0.0,690000,46,0.98,676000,117000,2006,27068.58,5978.72,27163.82,335.98,42.33,60589.42
2,29,14000,-6.67,0.0,644000,46,1.12,721000,148000,2007,51516.08,17508.67,24883.58,101.85,0.0,94010.18
2,29,11000,-21.43,0.0,583000,53,1.68,979000,152000,2008,32150.01,21024.16,29377.26,366.63,0.0,82918.06
2,29,11000,0.0,0.0,517000,47,1.99,1029000,57000,2009,52182.76,23392.15,53499.8,523.38,0.0,129598.08
2,29,11000,0.0,0.0,572000,52,1.8,1030000,92000,2010,34480.74,52312.61,44514.86,1354.3,0.0,132662.5
2,29,8000,-27.27,0.0,344000,43,2.14,736000,76000,2011,45692.13,80305.8,74534.32,5454.24,0.0,205986.49
2,29,7000,-12.5,0.0,371000,53,2.8,1039000,108000,2012,98828.6,72453.82,51237.41,177.91,0.0,222697.75
2,29,10000,42.86,1.0,470000,47,2.62,1231000,85000,2013,115810.37,56095.74,46539.14,236.56,0.0,218681.81
2,29,12000,20.0,1.0,564000,47,3.63,2047000,96000,2014,135955.11,118538.81,79815.72,106.7,0.0,334416.34
2,29,10000,-16.67,0.0,520000,52,3.55,1846000,52000,2015,2000.03,16855.0,8032.98,76.5,0.0,26964.52
2,29,8000,-20.0,0.0,496000,62,2.31,1146000,30000,2016,9486.93,15611.81,4152.41,0.0,0.0,29251.15
4,30,106000,0.0,0.0,8480000,80,0.72,6106000,1781000,1995,0.0,17.42,0.0,0.0,0.0,17.42
4,30,117000,10.38,1.0,7020000,60,0.88,6178000,1825000,1996,0.0,196.21,0.0,0.0,0.0,196.21
4,30,107000,-8.55,0.0,12840000,120,0.74,9502000,4237000,1997,0.0,282.85,0.0,0.0,0.0,282.85
4,30,115000,7.48,1.0,14030000,122,0.64,8979000,5472000,1998,0.0,98.11,0.0,0.0,0.0,98.11
4,30,122000,6.09,1.0,8540000,70,0.6,5124000,2135000,1999,0.0,582.46,0.0,0.0,0.0,582.46
4,30,124000,1.64,1.0,10912000,88,0.59,6438000,4692000,2000,0.0,1359.59,0.0,0.0,0.0,1359.59
4,30,136000,9.68,1.0,13872000,102,0.67,9294000,4578000,2001,0.0,653.89,13.23,0.0,0.0,667.12
4,30,134000,-1.47,0.0,8442000,63,1.38,11650000,1097000,2002,0.0,121.7,119.27,0.0,0.0,240.97
4,30,145000,8.21,1.0,9570000,66,1.44,13781000,1914000,2003,0.0,308.21,65.48,21.16,0.0,394.85
4,30,140000,-3.45,0.0,10780000,77,1.08,11642000,3773000,2004,242.51,444.01,149.25,20.5,0.0,856.28
4,30,130000,-7.14,0.0,8710000,67,0.86,7491000,3136000,2005,192.68,784.4,372.58,21.38,0.0,1371.05
4,30,132000,1.54,1.0,10428000,79,0.95,9907000,1981000,2006,38.58,649.04,181.66,14.99,0.0,884.27
4,30,135000,2.27,1.0,9180000,68,0.99,9088000,2479000,2007,211.86,324.74,176.59,10.58,0.0,723.78
4,30,134000,-0.74,0.0,9380000,70,1.37,12851000,4596000,2008,978.41,366.85,905.88,13.67,0.0,2264.81
4,30,146000,8.96,1.0,10220000,70,1.46,14921000,3577000,2009,1371.05,5773.91,5448.95,10.8,0.0,12604.71
4,30,157000,7.53,1.0,11618000,74,1.58,18356000,2905000,2010,5722.98,12189.58,10195.72,14.11,0.0,28122.39
4,30,145000,-7.64,0.0,13340000,92,1.7,22678000,3202000,2011,1767.89,13214.51,13030.64,0.0,0.0,28013.04
4,30,145000,0.0,0.0,7540000,52,1.95,14703000,2413000,2012,3220.51,18950.5,7068.9,0.0,0.0,29239.91
4,30,159000,9.66,1.0,14946000,94,2.09,31237000,5231000,2013,3172.01,40242.3,12628.52,11.24,0.0,56054.07
4,30,162000,1.89,1.0,14256000,88,2.09,29795000,5132000,2014,5577.47,21146.08,12697.3,5.73,0.0,39426.59
4,30,146000,-9.88,0.0,12118000,83,1.94,23509000,3757000,2015,0.0,2492.55,80.69,1.54,0.0,2574.78
4,30,159000,8.9,1.0,12243000,77,1.77,21670000,3183000,2016,0.0,379.2,302.03,0.0,0.0,681.23
2,31,60000,0.0,0.0,4380000,73,0.73,3197000,1402000,1995,0.0,66.36,0.0,0.0,0.0,66.36
2,31,65000,8.33,1.0,4875000,75,0.92,4485000,1755000,1996,0.0,4.19,0.0,0.0,0.0,4.19
2,31,61000,-6.15,0.0,4087000,67,0.77,3147000,2738000,1997,0.0,1188.95,0.0,0.0,0.0,1188.95
2,31,64000,4.92,1.0,4480000,70,0.86,3853000,2240000,1998,0.0,1303.59,0.0,0.0,0.0,1303.59
2,31,58000,-9.38,0.0,4466000,77,0.61,2724000,1965000,1999,0.0,874.79,0.0,0.0,0.0,874.79
2,31,50000,-13.79,0.0,4350000,87,0.59,2567000,2610000,2000,0.0,4859.65,0.0,0.0,0.0,4859.65
2,31,43000,-14.0,0.0,2064000,48,0.72,1486000,1115000,2001,0.0,3423.34,50.49,0.0,0.0,3473.82
2,31,43000,0.0,0.0,3225000,75,1.49,4805000,1161000,2002,0.0,800.94,674.61,0.0,0.0,1475.55
2,31,45000,4.65,1.0,3330000,74,1.38,4595000,1299000,2003,0.0,299.17,901.91,0.0,0.0,1201.08
2,31,51000,13.33,1.0,4539000,89,1.01,4584000,2043000,2004,69835.83,16689.43,10077.55,0.0,0.0,96602.82
2,31,40000,-21.57,0.0,2720000,68,0.87,2366000,2530000,2005,79820.79,17216.78,19553.24,0.0,0.0,116590.81
2,31,47000,17.5,1.0,3431000,73,0.93,3191000,3843000,2006,50150.09,6088.95,19816.25,0.0,0.0,76055.29
2,31,45000,-4.26,0.0,2205000,49,1.03,2271000,1477000,2007,68351.46,8562.09,32397.15,0.0,0.0,109310.7
2,31,36000,-20.0,0.0,2412000,67,1.45,3497000,1254000,2008,115200.57,21672.98,44010.88,0.0,0.0,180884.44
2,31,48000,33.33,1.0,2688000,56,1.46,3924000,1102000,2009,116527.97,20383.06,76849.4,0.0,0.0,213760.43
2,31,41000,-14.58,0.0,2255000,55,1.51,3405000,902000,2010,61114.12,70910.14,89926.34,0.0,0.0,221950.6
2,31,41000,0.0,0.0,2419000,59,1.75,4233000,653000,2011,163540.89,59560.31,82268.36,0.0,0.0,305369.55
2,31,43000,4.88,1.0,2795000,65,1.93,5394000,1146000,2012,254114.06,53662.28,105086.2,0.0,0.0,412862.54
2,31,46000,6.98,1.0,2760000,60,2.07,5713000,1628000,2013,297011.39,40210.33,109834.08,0.0,0.0,447055.8
2,31,50000,8.7,1.0,3750000,75,2.04,7650000,1688000,2014,297706.07,87828.2,112684.66,2.2,0.0,498221.12
2,31,57000,14.0,1.0,2736000,48,2.04,5581000,1450000,2015,0.0,12263.65,1266.78,1.1,0.0,13531.53
2,31,48000,-15.79,0.0,2208000,46,1.91,4217000,640000,2016,0.0,4774.99,3134.75,0.0,0.0,7909.75
4,32,14000,0.0,0.0,756000,54,1.08,816000,174000,1994,0.0,0.66,0.0,0.0,0.0,0.66
4,32,10000,-28.57,0.0,290000,29,0.9,261000,38000,1995,0.0,97.89,0.0,0.0,0.0,97.89
4,32,14000,40.0,1.0,854000,61,1.05,897000,68000,1996,0.0,137.57,0.0,0.0,0.0,137.57
4,32,14000,0.0,0.0,854000,61,1.14,974000,171000,1997,0.0,184.53,0.0,0.0,0.0,184.53
4,32,10000,-28.57,0.0,460000,46,1.65,759000,175000,1998,0.0,604.95,0.0,0.0,0.0,604.95
4,32,9000,-10.0,0.0,405000,45,1.54,624000,271000,1999,0.0,106.7,0.0,0.0,0.0,106.7
4,32,10000,11.11,1.0,350000,35,1.45,508000,95000,2000,0.0,375.23,0.0,0.0,0.0,375.23
4,32,9000,-10.0,0.0,450000,50,2.14,963000,36000,2001,0.0,459.88,0.0,0.0,0.0,459.88
4,32,9000,0.0,0.0,558000,62,2.67,1490000,61000,2002,0.0,159.61,55.78,0.22,0.0,215.61
4,32,6000,-33.33,0.0,384000,64,2.04,783000,46000,2003,0.0,424.61,67.02,0.66,0.0,492.29
4,32,14000,133.33,1.0,770000,55,1.78,1371000,316000,2004,16.31,631.4,27.78,4.41,0.0,679.91
4,32,12000,-14.29,0.0,552000,46,3.11,1717000,442000,2005,2.43,312.4,120.15,5.51,0.0,440.48
4,32,9000,-25.0,0.0,333000,37,3.62,1205000,50000,2006,45.19,78.71,156.31,2.65,0.0,282.85
4,32,10000,11.11,1.0,280000,28,2.99,837000,67000,2007,2.43,200.62,56.22,5.73,0.0,265.0
4,32,10000,0.0,0.0,290000,29,1.42,412000,52000,2008,11.68,646.62,69.67,6.39,0.0,734.36
1,34,8000,0.0,0.0,272000,34,0.77,209000,57000,1995,0.0,834.23,0.0,0.0,0.0,834.23
1,34,5000,-37.5,0.0,225000,45,0.82,185000,119000,1996,0.0,883.39,0.0,0.0,0.0,883.39
1,34,10000,100.0,1.0,490000,49,1.04,510000,201000,1997,0.0,395.95,0.0,0.0,0.0,395.95
1,34,11000,10.0,1.0,539000,49,0.76,410000,167000,1998,0.0,724.88,0.0,0.0,0.0,724.88
1,34,10000,-9.09,0.0,440000,44,0.57,251000,154000,1999,0.0,1281.33,0.0,0.0,0.0,1281.33
1,34,11000,10.0,1.0,385000,35,0.61,235000,200000,2000,0.0,2063.09,0.0,0.0,0.0,2063.09
1,34,11000,0.0,0.0,374000,34,0.85,318000,71000,2001,0.0,1257.74,7.94,0.0,0.0,1265.67
1,34,11000,0.0,0.0,440000,40,1.0,440000,92000,2002,0.0,3882.78,107.81,0.0,0.0,3990.59
1,34,10000,-9.09,0.0,190000,19,1.6,304000,101000,2003,0.0,1003.32,285.06,0.0,0.0,1288.38
1,34,12000,20.0,1.0,324000,27,1.4,454000,45000,2004,719.81,1084.89,547.63,11.02,0.0,2363.36
1,34,12000,0.0,0.0,384000,32,1.2,461000,104000,2005,1754.22,1560.21,201.5,231.93,65.26,3813.12
1,34,9000,-25.0,0.0,324000,36,1.14,369000,152000,2006,1155.0,845.91,666.9,75.84,103.18,2846.83
1,34,9000,0.0,0.0,513000,57,1.96,1005000,185000,2007,1077.62,1289.26,429.46,58.42,20.28,2875.05
1,34,9000,0.0,0.0,360000,40,1.62,583000,122000,2008,1195.35,989.43,324.52,1030.66,72.09,3612.05
1,34,11000,22.22,1.0,352000,32,2.36,831000,70000,2009,1763.04,1384.28,822.77,1087.54,164.02,5221.65
1,34,13000,18.18,1.0,455000,35,1.9,865000,73000,2010,1266.56,1976.22,1472.25,450.62,97.89,5263.54
1,34,11000,-15.38,0.0,451000,41,3.7,1669000,135000,2011,723.78,2771.43,753.98,1390.68,378.31,6018.18
1,34,14000,27.27,1.0,462000,33,1.97,910000,51000,2012,3160.55,2940.31,1856.51,2270.1,142.64,10370.1
1,34,11000,-21.43,0.0,484000,44,4.19,2028000,34000,2013,3784.68,1927.94,2549.21,431.89,182.1,8875.81
1,34,12000,9.09,1.0,360000,30,3.13,1127000,119000,2014,4383.67,2690.52,519.63,1930.59,306.88,9831.29
1,34,12000,0.0,0.0,324000,27,4.2,1361000,207000,2015,47.84,1279.56,67.24,2238.13,474.88,4107.65
1,34,12000,0.0,0.0,324000,27,7.09,2297000,198000,2016,123.24,902.13,177.69,1534.42,157.19,2894.67
4,35,19000,0.0,0.0,1235000,65,0.83,1025000,247000,1995,0.0,245.15,0.0,0.0,0.0,245.15
4,35,15000,-21.05,0.0,1155000,77,0.91,1051000,219000,1996,0.0,3412.09,0.0,0.0,0.0,3412.09
4,35,15000,0.0,0.0,900000,60,0.87,783000,396000,1997,0.0,4020.35,0.0,0.0,0.0,4020.35
4,35,14000,-6.67,0.0,770000,55,0.76,585000,470000,1998,0.0,978.63,0.0,0.0,0.0,978.63
4,35,15000,7.14,1.0,780000,52,0.77,601000,476000,1999,0.0,850.32,0.0,0.0,0.0,850.32
4,35,15000,0.0,0.0,960000,64,0.72,691000,739000,2000,0.0,1621.06,0.0,0.0,0.0,1621.06
4,35,10000,-33.33,0.0,700000,70,0.66,462000,350000,2001,0.0,939.61,1.32,0.0,0.0,940.93
4,35,11000,10.0,1.0,484000,44,1.1,532000,252000,2002,0.0,1386.93,205.47,90.17,0.0,1682.57
4,35,6000,-45.45,0.0,246000,41,1.2,295000,108000,2003,0.0,1593.06,136.69,50.49,0.0,1780.23
4,35,8000,33.33,1.0,352000,44,1.19,419000,127000,2004,348.11,6929.57,563.72,295.42,0.0,8136.82
4,35,7000,-12.5,0.0,343000,49,1.03,353000,113000,2005,1504.21,6642.53,1417.13,222.45,0.0,9786.32
4,35,7000,0.0,0.0,336000,48,1.19,400000,104000,2006,490.75,7908.86,501.77,128.75,0.0,9030.13
4,35,6000,-14.29,0.0,354000,59,1.42,503000,138000,2007,1054.03,7129.09,597.01,102.07,0.0,8882.2
4,35,6000,0.0,0.0,288000,48,1.48,426000,95000,2008,1931.69,7038.04,678.14,93.92,0.0,9741.79
4,35,7000,16.67,1.0,420000,60,1.59,668000,143000,2009,1457.7,5643.39,1528.02,52.25,0.0,8681.36
4,35,7000,0.0,0.0,462000,66,1.58,730000,157000,2010,2450.22,4544.39,1204.16,178.35,0.0,8377.13
4,35,7000,0.0,0.0,392000,56,1.69,662000,153000,2011,1718.5,10751.06,2150.83,52.25,0.0,14672.65
4,35,5000,-28.57,0.0,260000,52,3.39,881000,99000,2012,4763.75,3554.07,1577.85,14.77,0.0,9910.44
1,36,70000,0.0,0.0,5250000,75,0.71,3728000,2100000,1995,0.0,2717.2,0.0,0.0,0.0,2717.2
1,36,68000,-2.86,0.0,5440000,80,0.89,4842000,2557000,1996,0.0,4887.87,0.0,0.0,0.0,4887.87
1,36,72000,5.88,1.0,4320000,60,0.85,3672000,2246000,1997,0.0,4144.03,0.0,0.0,0.0,4144.03
1,36,65000,-9.72,0.0,5200000,80,0.7,3640000,2444000,1998,0.0,3546.8,0.0,0.0,0.0,3546.8
1,36,69000,6.15,1.0,4830000,70,0.66,3188000,2077000,1999,0.0,5147.57,0.0,0.0,0.0,5147.57
1,36,58000,-15.94,0.0,4640000,80,0.55,2552000,2274000,2000,0.0,4736.19,0.0,0.0,0.0,4736.19
1,36,53000,-8.62,0.0,3710000,70,0.79,2931000,1781000,2001,0.0,7198.53,0.0,0.0,0.0,7198.53
1,36,60000,13.21,1.0,5880000,98,1.25,7350000,2470000,2002,0.0,27209.23,651.69,0.0,0.0,27860.92
1,36,67000,11.67,1.0,4824000,72,1.36,6561000,1640000,2003,0.0,4631.69,1009.72,0.0,0.0,5641.41
1,36,64000,-4.48,0.0,4288000,67,1.36,5832000,1887000,2004,431.44,4854.36,2155.9,218.7,154.98,7815.39
1,36,59000,-7.81,0.0,4307000,73,1.34,5771000,2283000,2005,1658.32,5635.24,2543.91,1257.74,3422.02,14517.22
1,36,58000,-1.69,0.0,3712000,64,1.3,4826000,2376000,2006,3125.71,4793.73,4429.97,7735.14,2931.49,23016.04
1,36,53000,-8.62,0.0,3021000,57,1.38,4169000,1843000,2007,11901.21,4528.07,10027.95,1597.91,2561.99,30617.14
1,36,50000,-5.66,0.0,3500000,70,1.65,5775000,1260000,2008,15454.63,7213.97,3132.55,7247.26,3661.0,36709.39
1,36,45000,-10.0,0.0,2925000,65,1.93,5645000,936000,2009,17316.87,6275.68,3890.72,8264.47,8233.6,43981.34
1,36,45000,0.0,0.0,2880000,64,1.96,5645000,1123000,2010,10957.86,8253.45,5696.52,9295.35,8057.9,42261.07
1,36,49000,8.89,1.0,2744000,56,1.96,5378000,1235000,2011,23182.49,7428.48,9400.95,9566.74,5378.4,54957.05
1,36,51000,4.08,1.0,2601000,51,2.23,5800000,988000,2012,24265.84,15181.47,7679.36,5252.95,5259.13,57638.76
1,36,55000,7.84,1.0,2640000,48,2.12,5597000,1030000,2013,43914.1,26988.33,11354.47,6892.53,8566.72,97716.15
1,36,60000,9.09,1.0,3300000,55,2.83,9339000,1518000,2014,38490.29,26441.36,12705.46,6461.97,7677.16,91776.24
1,36,58000,-3.33,0.0,3596000,62,2.94,10572000,899000,2015,10.58,2643.78,1983.94,8402.26,3014.82,16055.38
1,36,64000,10.34,1.0,3648000,57,3.19,11637000,1167000,2016,22.05,3364.47,2150.39,9277.93,6402.67,21217.51
3,37,12000,0.0,0.0,624000,52,0.84,524000,162000,1995,0.0,1346.14,0.0,0.0,0.0,1346.14
3,37,12000,0.0,0.0,528000,44,1.04,549000,53000,1996,0.0,4147.34,0.0,0.0,0.0,4147.34
3,37,8000,-33.33,0.0,464000,58,1.19,552000,139000,1997,0.0,17782.05,0.0,0.0,0.0,17782.05
3,37,8000,0.0,0.0,472000,59,1.38,651000,151000,1998,0.0,14498.48,0.0,0.0,0.0,14498.48
3,37,9000,12.5,1.0,414000,46,1.62,671000,104000,1999,0.0,7825.97,0.0,0.0,0.0,7825.97
3,37,11000,22.22,1.0,539000,49,1.43,771000,243000,2000,0.0,4729.36,0.0,0.0,0.0,4729.36
3,37,13000,18.18,1.0,572000,44,1.48,847000,172000,2001,0.0,8594.5,0.0,0.0,0.0,8594.5
3,37,16000,23.08,1.0,672000,42,1.41,948000,74000,2002,0.0,6651.13,5139.64,0.0,0.0,11790.76
3,37,10000,-37.5,0.0,440000,44,1.92,845000,79000,2003,0.0,5520.6,2404.36,0.0,0.0,7924.96
3,37,9000,-10.0,0.0,360000,40,1.93,695000,72000,2004,9629.79,12287.24,2823.02,117.07,62.39,24919.51
3,37,10000,11.11,1.0,540000,54,1.88,1015000,146000,2005,8388.37,13896.84,2492.99,180.12,439.6,25397.91
3,37,10000,0.0,0.0,500000,50,1.57,785000,215000,2006,9690.64,16239.25,15525.17,1245.61,971.36,43672.03
3,37,12000,20.0,1.0,540000,45,2.49,1345000,76000,2007,17916.09,9522.21,15076.09,296.52,482.15,43293.06
3,37,12000,0.0,0.0,624000,52,2.18,1360000,137000,2008,9106.41,12078.25,33496.6,813.95,657.42,56152.62
3,37,11000,-8.33,0.0,495000,45,2.57,1272000,84000,2009,19736.22,12883.59,28077.85,830.26,15.87,61543.8
3,37,13000,18.18,1.0,598000,46,2.66,1591000,144000,2010,15672.44,17453.12,15516.13,1637.81,266.98,50546.49
3,37,14000,7.69,1.0,868000,62,2.83,2456000,95000,2011,23542.06,28940.74,29975.81,244.05,375.67,83078.34
3,37,13000,-7.14,0.0,507000,39,3.76,1906000,106000,2012,52010.13,27774.94,27375.24,1097.46,100.97,108358.75
3,37,10000,-23.08,0.0,380000,38,3.67,1395000,84000,2013,32393.62,43463.47,26631.84,576.29,151.46,103216.68
3,37,12000,20.0,1.0,516000,43,3.49,1801000,88000,2014,44592.9,60929.16,22074.67,705.48,526.24,128828.45
3,37,12000,0.0,0.0,540000,45,4.51,2435000,103000,2015,1421.1,29379.02,9118.32,1217.17,409.84,41545.45
3,37,12000,0.0,0.0,444000,37,4.78,2122000,89000,2016,23520.02,53586.66,6868.5,1605.85,0.0,85581.03
2,38,245000,0.0,0.0,24500000,100,0.74,18130000,7350000,1997,0.0,2096.6,0.0,0.0,0.0,2096.6
2,38,230000,-6.12,0.0,29440000,128,0.63,18547000,8832000,1998,0.0,4452.01,0.0,0.0,0.0,4452.01
2,38,255000,10.87,1.0,26775000,105,0.59,15797000,8836000,1999,0.0,17524.1,0.0,0.0,0.0,17524.1
2,38,300000,17.65,1.0,34500000,115,0.57,19665000,13800000,2000,0.0,11867.48,0.0,0.0,0.0,11867.48
2,38,280000,-6.67,0.0,26880000,96,0.69,18547000,9408000,2001,0.0,6801.04,289.47,0.0,0.0,7090.51
2,38,320000,14.29,1.0,24000000,75,1.46,35040000,8160000,2002,0.0,7169.21,1068.58,0.0,0.0,8237.79
2,38,340000,6.25,1.0,29580000,87,1.36,40229000,6803000,2003,0.0,5717.25,935.42,0.0,0.0,6652.67
2,38,390000,14.71,1.0,30420000,78,1.05,31941000,9126000,2004,1627.01,22493.32,4967.9,0.0,0.0,29088.23
2,38,370000,-5.13,0.0,33670000,91,0.83,27946000,8418000,2005,8129.1,6958.89,13101.19,0.0,0.0,28189.19
2,38,350000,-5.41,0.0,25900000,74,0.91,23569000,7770000,2006,5208.64,15487.69,10772.67,0.0,0.0,31469.0
2,38,420000,20.0,1.0,31080000,74,0.96,29837000,9013000,2007,10841.67,15136.28,22671.46,0.0,0.0,48649.41
2,38,400000,-4.76,0.0,36000000,90,1.36,48960000,8640000,2008,18618.48,21942.61,49063.22,0.0,0.0,89624.3
2,38,450000,12.5,1.0,34650000,77,1.38,47817000,7623000,2009,36928.97,39263.89,50055.3,0.0,0.0,126248.16
2,38,510000,13.33,1.0,46410000,91,1.5,69615000,12995000,2010,33257.39,61758.75,39030.42,0.0,0.0,134046.57
2,38,460000,-9.8,0.0,32660000,71,1.67,54542000,7512000,2011,47045.99,30522.12,38054.87,0.0,0.0,115622.98
2,38,480000,4.35,1.0,33120000,69,1.92,63590000,5962000,2012,104007.26,57153.96,51764.98,0.0,0.0,212926.2
2,38,480000,0.0,0.0,33120000,69,2.04,67565000,6955000,2013,172869.53,93329.39,48921.46,0.0,0.0,315120.38
2,38,490000,2.08,1.0,42140000,86,1.99,83859000,9271000,2014,108060.46,73425.84,90813.04,0.0,0.0,272299.33
2,38,490000,0.0,0.0,36260000,74,1.8,65268000,9428000,2015,262.35,28238.13,7233.59,0.0,0.0,35734.07
2,38,485000,-1.02,0.0,37830000,78,1.85,69986000,6809000,2016,1205.05,5173.59,3713.91,0.0,0.0,10092.54
2,39,25000,0.0,0.0,1550000,62,0.74,1147000,930000,1995,0.0,4435.7,0.0,0.0,0.0,4435.7
2,39,24000,-4.0,0.0,1680000,70,0.96,1613000,840000,1996,0.0,1407.87,0.0,0.0,0.0,1407.87
2,39,22000,-8.33,0.0,1760000,80,0.85,1496000,827000,1997,0.0,1171.98,0.0,0.0,0.0,1171.98
2,39,18000,-18.18,0.0,1404000,78,0.83,1165000,702000,1998,0.0,2269.0,0.0,0.0,0.0,2269.0
2,39,20000,11.11,1.0,1480000,74,0.72,1066000,784000,1999,0.0,2422.88,0.0,0.0,0.0,2422.88
2,39,18000,-10.0,0.0,1170000,65,0.79,924000,585000,2000,0.0,1977.11,0.0,0.0,0.0,1977.11
2,39,18000,0.0,0.0,1458000,81,1.01,1473000,569000,2001,0.0,1793.68,0.0,0.0,0.0,1793.68
2,39,18000,0.0,0.0,1260000,70,1.44,1814000,504000,2002,0.0,2500.26,99.21,0.0,0.0,2599.47
2,39,15000,-16.67,0.0,750000,50,1.4,1050000,278000,2003,0.0,953.72,251.99,149.25,0.0,1354.96
2,39,16000,6.67,1.0,928000,58,1.53,1420000,353000,2004,9575.56,14292.35,3157.9,74.74,447.1,27547.64
2,39,15000,-6.25,0.0,1035000,69,1.4,1449000,580000,2005,22339.0,4928.21,10896.13,801.38,101.85,39066.57
2,39,14000,-6.67,0.0,784000,56,1.4,1098000,282000,2006,21389.25,7916.14,16028.27,299.39,169.76,45802.8
2,39,14000,0.0,0.0,854000,61,1.77,1512000,376000,2007,26699.08,8848.91,21909.98,345.68,438.28,58241.94
2,39,14000,0.0,0.0,742000,53,1.68,1247000,371000,2008,43623.09,5962.62,35361.93,320.77,300.71,85569.12
2,39,11000,-21.43,0.0,550000,50,2.81,1546000,132000,2009,53826.3,24685.6,39061.5,630.3,205.25,118408.96
2,39,18000,63.64,1.0,1116000,62,2.28,2544000,346000,2010,36930.74,67866.88,45628.85,279.11,249.56,150955.14
2,39,15000,-16.67,0.0,990000,66,2.34,2317000,228000,2011,63713.59,76275.53,35744.87,457.9,747.15,176939.04
2,39,18000,20.0,1.0,1080000,60,2.46,2657000,410000,2012,118058.2,68125.04,40030.44,249.12,137.13,226599.93
2,39,17000,-5.56,0.0,765000,45,3.29,2517000,390000,2013,138193.68,70964.6,42646.44,593.7,118.61,252517.03
2,39,15000,-11.76,0.0,915000,61,3.58,3276000,256000,2014,162096.42,73409.08,44230.9,1088.86,91.71,280916.98
2,39,17000,13.33,1.0,850000,50,3.6,3060000,357000,2015,42.99,12429.22,6663.03,617.96,366.85,20120.05
2,39,15000,-11.76,0.0,1185000,79,3.93,4657000,664000,2016,27.12,2427.29,1980.63,356.93,0.0,4791.97
3,40,4000,0.0,0.0,304000,76,0.93,283000,112000,1995,0.0,344.58,0.0,0.0,0.0,344.58
3,40,4000,0.0,0.0,236000,59,1.09,257000,54000,1996,0.0,77.16,0.0,0.0,0.0,77.16
3,40,4000,0.0,0.0,232000,58,1.37,318000,97000,1997,0.0,2348.14,0.0,0.0,0.0,2348.14
3,40,4000,0.0,0.0,204000,51,1.24,253000,63000,1998,0.0,263.23,0.0,0.0,0.0,263.23
3,40,6000,50.0,1.0,270000,45,1.34,362000,49000,1999,0.0,337.31,0.0,0.0,0.0,337.31
3,40,7000,16.67,1.0,245000,35,1.26,309000,64000,2000,0.0,677.92,0.0,0.0,0.0,677.92
3,40,4000,-42.86,0.0,188000,47,1.43,269000,105000,2001,0.0,454.81,11.02,0.0,0.0,465.84
3,40,3000,-25.0,0.0,159000,53,1.63,259000,51000,2002,0.0,146.61,79.37,238.1,0.0,464.07
3,40,3000,0.0,0.0,141000,47,1.84,259000,69000,2003,0.0,295.64,28.66,72.75,0.0,397.05
4,41,50000,0.0,0.0,3250000,65,0.52,1690000,1008000,1994,0.0,264.33,0.0,0.0,0.0,264.33
4,41,52000,4.0,1.0,2704000,52,0.78,2109000,2488000,1995,0.0,843.49,0.0,0.0,0.0,843.49
4,41,55000,5.77,1.0,3245000,59,0.93,3018000,1071000,1996,0.0,2316.18,0.0,0.0,0.0,2316.18
4,41,50000,-9.09,0.0,2650000,53,0.79,2094000,1537000,1997,0.0,3949.58,0.0,0.0,0.0,3949.58
4,41,50000,0.0,0.0,2250000,45,0.9,2025000,1620000,1998,0.0,3401.95,0.0,0.0,0.0,3401.95
4,41,45000,-10.0,0.0,2565000,57,0.8,2052000,2026000,1999,0.0,1285.74,0.0,0.0,0.0,1285.74
4,41,48000,6.67,1.0,2448000,51,0.66,1616000,1665000,2000,0.0,3835.16,0.0,0.0,0.0,3835.16
4,41,44000,-8.33,0.0,1936000,44,0.74,1433000,1200000,2001,0.0,7029.44,310.19,0.0,0.0,7339.63
4,41,43000,-2.27,0.0,2107000,49,1.35,2844000,885000,2002,0.0,4192.97,988.99,679.69,0.0,5861.65
4,41,42000,-2.33,0.0,2142000,51,1.27,2720000,964000,2003,0.0,2733.51,948.65,1188.73,0.0,4870.89
4,41,42000,0.0,0.0,2268000,54,1.21,2744000,1111000,2004,130.51,3709.5,814.83,1054.91,1028.46,6738.21
4,41,39000,-7.14,0.0,1638000,42,1.08,1769000,557000,2005,539.91,3102.57,1595.26,2029.58,613.11,7880.42
4,41,46000,17.95,1.0,2208000,48,1.05,2318000,729000,2006,1197.99,1037.27,1384.72,3628.37,1249.14,8497.5
4,41,46000,0.0,0.0,1978000,43,1.31,2591000,1088000,2007,2587.35,3519.46,1399.94,2884.09,819.46,11210.29
4,41,50000,8.7,1.0,2150000,43,1.41,3032000,1097000,2008,742.3,6488.42,2006.21,2712.57,1302.93,13252.43
4,41,55000,10.0,1.0,1870000,34,1.54,2880000,767000,2009,2264.37,9023.52,4775.43,1483.71,1328.06,18875.1
4,41,59000,7.27,1.0,2301000,39,1.63,3751000,874000,2010,2842.64,11268.71,4565.33,2024.28,1349.45,22050.42
4,41,60000,1.69,1.0,2040000,34,1.68,3427000,755000,2011,996.05,15250.7,2831.4,1427.49,620.38,21126.02
4,41,60000,0.0,0.0,1920000,32,2.16,4147000,845000,2012,1259.28,15165.38,9982.31,1605.63,760.82,28773.41
4,41,62000,3.33,1.0,2170000,35,2.39,5186000,456000,2013,2621.74,17106.55,9117.44,2247.61,1000.24,32093.57
4,41,71000,14.52,1.0,2840000,40,2.2,6248000,767000,2014,2189.85,14525.6,11819.2,1924.19,483.47,30942.32
4,41,71000,0.0,0.0,2698000,38,2.43,6556000,809000,2015,143.96,9723.93,519.85,1212.1,77.38,11677.22
4,41,74000,4.23,1.0,2590000,35,1.91,4947000,622000,2016,722.23,9021.1,238.1,672.19,43.87,10697.49
1,42,25000,0.0,0.0,1075000,43,0.73,785000,376000,1995,0.0,4599.5,0.0,0.0,0.0,4599.5
1,42,23000,-8.0,0.0,1058000,46,1.02,1079000,370000,1996,0.0,6898.26,0.0,0.0,0.0,6898.26
1,42,22000,-4.35,0.0,1056000,48,1.0,1056000,528000,1997,0.0,3208.39,0.0,0.0,0.0,3208.39
1,42,26000,18.18,1.0,1716000,66,0.8,1373000,789000,1998,0.0,4559.38,0.0,0.0,0.0,4559.38
1,42,28000,7.69,1.0,1680000,60,0.76,1277000,790000,1999,0.0,4630.81,0.0,0.0,0.0,4630.81
1,42,25000,-10.71,0.0,1125000,45,0.76,855000,630000,2000,0.0,4234.86,0.0,0.0,0.0,4234.86
1,42,26000,4.0,1.0,1482000,57,0.92,1363000,785000,2001,0.0,4514.63,3.31,0.0,0.0,4517.93
1,42,29000,11.54,1.0,1653000,57,1.34,2215000,827000,2002,0.0,4675.56,413.59,0.0,0.0,5089.15
1,42,27000,-6.9,0.0,1350000,50,1.44,1944000,419000,2003,0.0,3179.07,1981.96,0.0,0.0,5161.02
1,42,30000,11.11,1.0,1620000,54,1.42,2300000,810000,2004,12037.02,3545.69,2462.12,499.13,977.97,19521.93
1,42,28000,-6.67,0.0,1568000,56,1.12,1756000,800000,2005,18116.71,4413.87,8401.16,905.44,3010.19,34847.37
1,42,28000,0.0,0.0,1120000,40,1.63,1826000,605000,2006,15098.14,4655.5,4560.04,921.31,5636.56,30871.55
1,42,25000,-10.71,0.0,1050000,42,1.7,1785000,326000,2007,21665.71,4835.62,5040.21,1842.62,1636.93,35021.09
1,42,23000,-8.0,0.0,1104000,48,1.65,1822000,276000,2008,22053.28,4351.04,6147.59,2232.62,1129.87,35914.4
1,42,21000,-8.7,0.0,840000,40,2.03,1705000,319000,2009,24237.62,5811.61,6166.99,2548.54,2506.88,41271.64
1,42,30000,42.86,1.0,1110000,37,2.13,2364000,377000,2010,11770.48,8962.01,8569.15,2677.73,1043.01,33022.38
1,42,24000,-20.0,0.0,1056000,44,2.55,2693000,306000,2011,20189.93,12876.1,9774.86,3476.47,2323.89,48641.25
1,42,16000,-33.33,0.0,960000,60,2.57,2467000,269000,2012,36352.24,21417.69,11284.36,4745.23,1975.12,75774.64
1,42,13000,-18.75,0.0,585000,45,3.03,1773000,257000,2013,42280.91,7722.79,12816.35,3640.93,2367.32,68828.32
1,42,17000,30.77,1.0,782000,46,2.91,2276000,203000,2014,48630.89,20532.09,11564.79,3627.71,3564.65,87920.13
1,42,17000,0.0,0.0,901000,53,3.62,3262000,225000,2015,968.93,5057.85,743.62,5556.53,3048.11,15375.04
1,42,19000,11.76,1.0,950000,50,3.03,2879000,266000,2016,2078.3,4053.2,2474.69,5112.52,960.11,14678.82
3,45,9000,0.0,0.0,810000,90,1.26,1021000,65000,1995,0.0,14.11,0.0,0.0,0.0,14.11
3,45,9000,0.0,0.0,810000,90,1.16,940000,81000,1996,0.0,477.74,0.0,0.0,0.0,477.74
3,45,7000,-22.22,0.0,280000,40,0.79,221000,67000,2001,0.0,1391.12,0.0,0.0,0.0,1391.12
3,45,5000,-28.57,0.0,470000,94,1.25,588000,14000,2002,0.0,651.47,1050.06,0.0,0.0,1701.53
3,45,4000,-20.0,0.0,280000,70,1.89,529000,8000,2003,0.0,1379.21,584.0,0.0,0.0,1963.22
3,45,9000,125.0,1.0,486000,54,3.97,1929000,19000,2014,15750.49,12445.76,8220.82,41.01,0.0,36458.06
3,45,14000,55.56,1.0,938000,67,4.1,3846000,38000,2015,1985.26,13057.98,3007.55,131.18,0.0,18181.96
3,45,16000,14.29,1.0,720000,45,4.57,3290000,36000,2016,5452.47,20725.0,5207.32,75.84,0.0,31460.63
2,46,240000,0.0,0.0,20400000,85,0.71,14484000,4896000,1995,0.0,0.88,0.0,0.0,0.0,0.88
2,46,240000,0.0,0.0,23280000,97,0.9,20952000,6751000,1996,0.0,1.54,0.0,0.0,0.0,1.54
2,46,240000,0.0,0.0,15600000,65,0.74,11544000,8736000,1997,0.0,103.62,0.0,0.0,0.0,103.62
2,46,225000,-6.25,0.0,21375000,95,0.64,13680000,10901000,1998,0.0,65.7,0.0,0.0,0.0,65.7
2,46,224000,-0.44,0.0,23296000,104,0.6,13978000,13046000,1999,0.0,366.63,0.0,0.0,0.0,366.63
2,46,235000,4.91,1.0,28435000,121,0.58,16492000,12796000,2000,0.0,747.59,0.0,0.0,0.0,747.59
2,46,235000,0.0,0.0,15275000,65,0.71,10845000,12220000,2001,0.0,284.62,14.99,0.0,0.0,299.61
2,46,225000,-4.26,0.0,11475000,51,1.42,16295000,2410000,2002,0.0,30.86,57.54,0.0,0.0,88.41
2,46,215000,-4.44,0.0,15050000,70,1.43,21522000,2709000,2003,0.0,52.47,78.26,0.0,0.0,130.73
2,46,215000,0.0,0.0,22575000,105,1.01,22801000,13545000,2004,13032.19,1341.51,11622.33,0.0,0.0,25996.03
2,46,220000,2.33,1.0,17380000,79,0.83,14425000,11818000,2005,32260.02,6432.65,12738.75,0.0,0.0,51431.42
2,46,225000,2.27,1.0,10575000,47,0.94,9941000,10575000,2006,21288.5,5324.38,17394.91,0.0,0.0,44007.79
2,46,255000,13.33,1.0,13260000,52,1.02,13525000,10608000,2007,38051.57,11847.86,28248.93,0.0,0.0,78148.36
2,46,225000,-11.76,0.0,21375000,95,1.34,28643000,11970000,2008,41955.95,18455.34,34075.53,0.0,0.0,94486.82
2,46,270000,20.0,1.0,17820000,66,1.42,25304000,6237000,2009,56707.52,24792.3,66206.8,0.0,0.0,147706.63
2,46,265000,-1.85,0.0,15370000,58,1.51,23209000,4765000,2010,56846.41,42358.08,54550.74,0.0,0.0,153755.23
2,46,250000,-5.66,0.0,16500000,66,1.7,28050000,4290000,2011,124493.94,21142.33,68789.74,0.0,0.0,214426.01
2,46,260000,4.0,1.0,16380000,63,1.95,31941000,3604000,2012,183837.31,51380.93,60515.79,0.0,0.0,295734.03
2,46,265000,1.92,1.0,14840000,56,2.07,30719000,6381000,2013,243107.48,90662.02,45368.71,0.0,0.0,379138.21
2,46,280000,5.66,1.0,24360000,87,2.08,50669000,5846000,2014,220005.46,34106.17,73867.42,0.0,0.0,327979.06
2,46,290000,3.57,1.0,19140000,66,1.79,34261000,9379000,2015,0.0,5247.66,16760.64,0.0,0.0,22008.31
2,46,280000,-3.45,0.0,19880000,71,1.76,34989000,12127000,2016,0.0,1992.76,687.84,0.0,0.0,2680.6
3,47,5000,0.0,0.0,265000,53,1.17,310000,87000,1995,0.0,875.24,0.0,0.0,0.0,875.24
3,47,5000,0.0,0.0,320000,64,1.54,493000,90000,1996,0.0,531.53,0.0,0.0,0.0,531.53
3,47,7000,40.0,1.0,434000,62,1.47,638000,148000,1997,0.0,2849.25,0.0,0.0,0.0,2849.25
3,47,7000,0.0,0.0,448000,64,1.32,591000,121000,1998,0.0,6513.56,0.0,0.0,0.0,6513.56
3,47,8000,14.29,1.0,408000,51,1.3,530000,106000,1999,0.0,7046.41,0.0,0.0,0.0,7046.41
3,47,9000,12.5,1.0,549000,61,1.43,785000,104000,2000,0.0,6823.09,0.0,0.0,0.0,6823.09
3,47,8000,-11.11,0.0,472000,59,1.39,656000,131000,2001,0.0,3954.43,1021.18,0.0,0.0,4975.61
3,47,8000,0.0,0.0,488000,61,1.4,683000,137000,2002,0.0,5671.17,814.61,175.27,0.0,6661.05
3,47,6000,-25.0,0.0,240000,40,1.52,365000,46000,2003,0.0,2382.98,3039.07,0.0,0.0,5422.05
3,47,6000,0.0,0.0,324000,54,1.73,561000,91000,2004,3999.41,20652.9,10501.06,4840.47,4.41,39998.25
3,47,7000,16.67,1.0,385000,55,1.67,643000,92000,2005,1539.27,27851.44,8856.19,1533.54,35.27,39815.71
3,47,7000,0.0,0.0,385000,55,1.84,708000,58000,2006,3624.84,11935.17,29620.43,2337.34,73.63,47591.41
3,47,7000,0.0,0.0,455000,65,1.99,905000,114000,2007,4679.09,12020.48,24053.54,1750.03,43.21,42546.35
3,47,7000,0.0,0.0,427000,61,2.09,892000,149000,2008,7579.49,21365.66,11048.91,1017.21,38.14,41049.41
3,47,7000,0.0,0.0,357000,51,2.37,846000,86000,2009,10807.94,14402.8,35637.95,1414.93,0.22,62263.83
3,47,8000,14.29,1.0,504000,63,2.5,1260000,106000,2010,6096.88,23385.53,38061.93,719.81,14.11,68278.26
3,47,7000,-12.5,0.0,308000,44,2.93,902000,68000,2011,18787.13,27963.21,30440.33,2008.41,14.11,79213.19
3,47,6000,-14.29,0.0,366000,61,2.93,1072000,59000,2012,28023.62,21506.09,33775.7,82.45,4.63,83392.5
3,47,7000,16.67,1.0,315000,45,3.55,1118000,63000,2013,53712.54,26285.5,27729.96,31.31,8.6,107767.91
3,47,7000,0.0,0.0,441000,63,3.76,1658000,88000,2014,54265.46,41510.62,17472.3,1064.17,32.19,114344.74
3,47,7000,0.0,0.0,413000,59,4.04,1669000,78000,2015,2112.47,11692.88,5450.93,1280.22,24.91,20561.41
3,47,6000,-14.29,0.0,330000,55,4.88,1610000,69000,2016,8762.27,7184.2,35602.67,1046.98,0.0,52596.12
3,48,103000,0.0,0.0,7622000,74,0.5,3811000,2058000,1994,0.0,4520.58,0.0,0.0,0.0,4520.58
3,48,84000,-18.45,0.0,8904000,106,0.67,5966000,1959000,1995,0.0,13084.21,0.0,0.0,0.0,13084.21
3,48,82000,-2.38,0.0,6806000,83,0.85,5785000,1361000,1996,0.0,7643.65,0.0,0.0,0.0,7643.65
3,48,94000,14.63,1.0,9964000,106,0.75,7473000,3188000,1997,0.0,8047.53,0.0,0.0,0.0,8047.53
3,48,91000,-3.19,0.0,7007000,77,0.62,4344000,1612000,1998,0.0,13381.4,0.0,0.0,0.0,13381.4
3,48,108000,18.68,1.0,8748000,81,0.64,5599000,2799000,1999,0.0,42136.07,0.0,0.0,0.0,42136.07
3,48,105000,-2.78,0.0,8295000,79,0.57,4728000,2986000,2000,0.0,18186.37,0.0,0.0,0.0,18186.37
3,48,97000,-7.62,0.0,7663000,79,0.65,4981000,1533000,2001,0.0,40737.9,896.84,0.0,0.0,41634.74
3,48,114000,17.53,1.0,7638000,67,1.14,8707000,985000,2002,0.0,11580.88,2428.83,7176.49,0.0,21186.2
3,48,140000,22.81,1.0,9380000,67,1.4,13132000,1126000,2003,0.0,9436.23,1214.97,7872.27,0.0,18523.46
3,48,116000,-17.14,0.0,8816000,76,0.97,8552000,1411000,2004,25095.44,97591.59,31926.68,20626.23,0.0,175239.94
3,48,84000,-27.59,0.0,5964000,71,0.86,5129000,954000,2005,62011.85,25900.13,49212.91,18048.8,0.0,155173.69
3,48,82000,-2.38,0.0,5740000,70,0.89,5109000,976000,2006,21785.42,43736.63,30407.48,4146.67,0.0,100076.2
3,48,105000,28.05,1.0,8610000,82,0.96,8266000,1550000,2007,30784.03,63156.71,48023.52,12035.26,0.0,153999.5
3,48,77000,-26.67,0.0,4928000,64,1.34,6604000,1380000,2008,37911.35,31062.69,36505.68,9187.1,0.0,114666.83
3,48,89000,15.58,1.0,5607000,63,1.39,7794000,1065000,2009,60694.8,39182.32,45088.06,3853.24,0.0,148818.42
3,48,100000,12.36,1.0,7200000,72,1.51,10872000,792000,2010,35956.95,72911.94,46706.47,10766.27,0.0,166341.64
3,48,78000,-22.0,0.0,4524000,58,1.78,8053000,633000,2011,33769.75,106787.07,68735.94,3236.83,0.0,212529.59
3,48,92000,17.95,1.0,4784000,52,2.0,9568000,718000,2012,75108.41,90882.7,113006.53,821.22,0.0,279818.86
3,48,106000,15.22,1.0,6254000,59,2.1,13133000,1689000,2013,109402.19,120196.25,83567.54,1920.67,0.0,315086.65
3,48,116000,9.43,1.0,9048000,78,2.24,20268000,2081000,2014,117848.32,139564.3,99734.92,4536.45,0.0,361683.99
3,48,126000,8.62,1.0,8316000,66,2.1,17464000,1164000,2015,0.0,59626.66,42936.35,1979.53,0.0,104542.54
3,48,133000,5.56,1.0,9310000,70,2.08,19365000,2607000,2016,0.0,29814.21,15113.57,5293.08,0.0,50220.86
4,49,32000,0.0,0.0,1056000,33,0.65,686000,232000,1995,0.0,1426.17,0.0,0.0,0.0,1426.17
4,49,34000,6.25,1.0,1564000,46,0.85,1329000,328000,1996,0.0,249.56,0.0,0.0,0.0,249.56
4,49,32000,-5.88,0.0,1664000,52,0.75,1248000,699000,1997,0.0,312.17,0.0,0.0,0.0,312.17
4,49,30000,-6.25,0.0,1740000,58,0.65,1131000,557000,1998,0.0,135.8,0.0,0.0,0.0,135.8
4,49,26000,-13.33,0.0,1170000,45,0.68,796000,433000,1999,0.0,43.65,0.0,0.0,0.0,43.65
4,49,24000,-7.69,0.0,984000,41,0.6,590000,462000,2000,0.0,195.55,0.0,0.0,0.0,195.55
4,49,23000,-4.17,0.0,874000,38,0.65,568000,315000,2001,0.0,25.57,0.0,0.0,0.0,25.57
4,49,22000,-4.35,0.0,1298000,59,1.3,1687000,208000,2002,0.0,97.0,3.09,1.1,0.0,101.19
4,49,25000,13.64,1.0,1425000,57,1.28,1824000,157000,2003,0.0,100.75,3.75,26.9,0.0,131.4
4,49,24000,-4.0,0.0,1680000,70,1.1,1848000,554000,2004,221.12,87.96,1.98,83.56,0.0,394.63
4,49,24000,0.0,0.0,1080000,45,0.95,1026000,346000,2005,168.87,56.0,25.13,89.51,0.0,339.51
4,49,26000,8.33,1.0,1300000,50,0.98,1274000,299000,2006,106.48,27.12,111.99,42.77,0.0,288.36
4,49,28000,7.69,1.0,1176000,42,1.13,1329000,270000,2007,26.24,39.02,14.33,19.18,0.0,98.77
4,49,28000,0.0,0.0,1344000,48,1.57,2110000,242000,2008,331.13,149.91,87.52,55.34,0.0,623.91
4,49,26000,-7.14,0.0,988000,38,1.46,1442000,198000,2009,178.35,326.95,200.62,45.64,0.0,751.56
4,49,26000,0.0,0.0,780000,30,1.53,1193000,195000,2010,342.6,565.27,346.35,59.3,0.0,1313.51
4,49,23000,-11.54,0.0,897000,39,1.75,1570000,170000,2011,312.4,654.77,414.47,0.0,0.0,1381.64
4,49,25000,8.7,1.0,950000,38,1.87,1777000,209000,2012,1544.56,1403.02,432.55,0.0,0.0,3380.13
4,49,30000,20.0,1.0,1020000,34,2.09,2132000,92000,2013,1183.22,1222.46,1162.28,46.96,0.0,3614.92
4,49,29000,-3.33,0.0,812000,28,2.13,1730000,130000,2014,1967.18,957.25,911.61,25.35,0.0,3861.4
4,49,27000,-6.9,0.0,1134000,42,1.92,2177000,147000,2015,0.0,485.68,0.66,7.05,0.0,493.39
4,49,31000,14.81,1.0,992000,32,1.93,1915000,169000,2016,0.0,192.68,17.86,0.0,0.0,210.54
1,50,5000,0.0,0.0,335000,67,0.86,288000,131000,1995,0.0,22.93,0.0,0.0,0.0,22.93
1,50,4000,-20.0,0.0,332000,83,1.01,335000,93000,1996,0.0,1124.8,0.0,0.0,0.0,1124.8
1,50,5000,25.0,1.0,315000,63,0.83,261000,249000,1997,0.0,150.58,0.0,0.0,0.0,150.58
1,50,6000,20.0,1.0,384000,64,0.85,326000,207000,1998,0.0,7.05,0.0,0.0,0.0,7.05
1,50,6000,0.0,0.0,396000,66,0.63,249000,222000,1999,0.0,31.75,0.0,0.0,0.0,31.75
1,50,7000,16.67,1.0,413000,59,0.68,281000,211000,2000,0.0,91.71,0.0,0.0,0.0,91.71
1,50,7000,0.0,0.0,567000,81,0.92,522000,249000,2001,0.0,153.88,0.0,0.0,0.0,153.88
1,50,7000,0.0,0.0,623000,89,1.2,748000,274000,2002,0.0,83.33,4.19,0.0,0.0,87.52
1,50,7000,0.0,0.0,581000,83,1.96,1139000,163000,2003,0.0,46.3,4.19,0.0,0.0,50.49
1,50,6000,-14.29,0.0,408000,68,1.51,616000,192000,2004,203.27,409.84,16.53,8.6,39.24,677.48
1,50,6000,0.0,0.0,546000,91,1.12,612000,169000,2005,73.63,2066.83,248.46,297.4,223.11,2909.44
1,50,6000,0.0,0.0,336000,56,1.2,403000,144000,2006,871.05,110.01,33.51,120.81,370.38,1505.76
1,50,5000,-16.67,0.0,320000,64,1.7,544000,96000,2007,155.21,170.2,1671.99,169.76,80.91,2248.05
1,50,5000,0.0,0.0,330000,66,2.2,726000,119000,2008,443.35,277.56,136.91,127.65,143.3,1128.77
1,50,5000,0.0,0.0,245000,49,2.01,492000,69000,2009,506.4,188.72,323.64,50.27,330.25,1399.27
1,50,4000,-20.0,0.0,260000,65,3.1,806000,73000,2010,670.21,249.34,416.01,343.26,180.12,1858.94
1,50,4000,0.0,0.0,172000,43,2.31,397000,43000,2011,792.12,167.33,287.92,111.55,285.06,1643.99
1,50,4000,0.0,0.0,240000,60,2.39,574000,53000,2012,1124.36,160.72,177.69,93.04,206.79,1762.6
1,50,3000,-25.0,0.0,153000,51,3.89,595000,46000,2013,3063.1,251.77,540.13,298.95,207.9,4361.85
1,50,3000,0.0,0.0,174000,58,4.89,851000,61000,2014,3346.18,461.87,388.01,111.77,125.66,4433.5
1,50,5000,66.67,1.0,260000,52,4.23,1100000,62000,2015,0.0,177.69,41.67,108.03,153.0,480.39
1,50,6000,20.0,1.0,312000,52,3.64,1136000,69000,2016,0.0,87.52,48.06,113.54,0.0,249.12
3,51,9000,0.0,0.0,405000,45,0.67,271000,97000,1995,0.0,2971.17,0.0,0.0,0.0,2971.17
3,51,7000,-22.22,0.0,350000,50,1.48,518000,119000,1996,0.0,1667.36,0.0,0.0,0.0,1667.36
3,51,8000,14.29,1.0,424000,53,1.45,615000,157000,1997,0.0,3184.8,0.0,0.0,0.0,3184.8
3,51,8000,0.0,0.0,296000,37,1.33,394000,86000,1998,0.0,6265.98,0.0,0.0,0.0,6265.98
3,51,7000,-12.5,0.0,245000,35,1.17,287000,86000,1999,0.0,1841.96,0.0,0.0,0.0,1841.96
3,51,7000,0.0,0.0,294000,42,1.5,441000,103000,2000,0.0,3659.67,0.0,0.0,0.0,3659.67
3,51,9000,28.57,1.0,468000,52,1.26,590000,94000,2001,0.0,3767.48,0.0,0.0,0.0,3767.48
3,51,8000,-11.11,0.0,304000,38,1.9,578000,79000,2002,0.0,6768.19,552.92,0.0,0.0,7321.11
3,51,6000,-25.0,0.0,222000,37,1.68,373000,69000,2003,0.0,2113.57,516.32,29.1,0.0,2659.0
3,51,7000,16.67,1.0,266000,38,2.1,559000,69000,2004,2908.34,3263.94,1359.15,292.77,0.0,7824.21
3,51,8000,14.29,1.0,296000,37,2.2,651000,59000,2005,2290.38,3061.34,963.42,2296.33,46.08,8657.55
3,51,8000,0.0,0.0,336000,42,2.2,739000,114000,2006,6233.13,6867.62,2586.02,2308.02,134.92,18129.71
3,51,6000,-25.0,0.0,276000,46,2.43,671000,63000,2007,6392.74,4167.62,5986.43,1566.16,56.88,18169.84
3,51,6000,0.0,0.0,252000,42,2.42,610000,45000,2008,11692.88,2340.87,3338.24,1060.42,0.0,18432.41
3,51,6000,0.0,0.0,234000,39,3.45,807000,56000,2009,8719.06,2830.29,8068.04,1071.67,391.1,21080.16
3,51,5000,-16.67,0.0,185000,37,3.32,614000,37000,2010,6769.07,5235.54,2974.48,1843.06,154.54,16976.7
3,51,4000,-20.0,0.0,160000,40,4.07,651000,21000,2011,6805.45,10022.43,12610.0,1848.36,20.5,31306.74
3,51,4000,0.0,0.0,164000,41,3.77,618000,23000,2012,14690.5,5614.73,7652.47,1385.61,32.63,29375.94
3,51,5000,25.0,1.0,175000,35,4.5,788000,42000,2013,4831.65,19266.86,9434.02,681.67,23.81,34238.01
3,51,6000,20.0,1.0,246000,41,4.68,1151000,57000,2014,11707.43,27066.81,8467.74,1656.33,65.48,48963.79
3,51,6000,0.0,0.0,228000,38,5.53,1261000,50000,2015,310.85,9635.96,882.95,3458.61,50.93,14339.31
3,51,5000,-16.67,0.0,190000,38,5.85,1112000,30000,2016,9315.85,7139.89,2206.61,2881.0,0.0,21543.35
4,53,60000,0.0,0.0,3720000,62,0.54,2009000,1265000,1994,0.0,2079.4,0.0,0.0,0.0,2079.4
4,53,60000,0.0,0.0,3540000,59,0.57,2018000,637000,1995,0.0,7025.25,0.0,0.0,0.0,7025.25
4,53,57000,-5.0,0.0,3306000,58,0.9,2975000,1025000,1996,0.0,10402.29,0.0,0.0,0.0,10402.29
4,53,60000,5.26,1.0,3120000,52,0.76,2371000,1498000,1997,0.0,35980.1,0.0,0.0,0.0,35980.1
4,53,58000,-3.33,0.0,2958000,51,0.64,1893000,1361000,1998,0.0,54969.4,0.0,0.0,0.0,54969.4
4,53,52000,-10.34,0.0,2600000,50,0.6,1560000,1170000,1999,0.0,8154.68,0.0,0.0,0.0,8154.68
4,53,52000,0.0,0.0,2808000,54,0.58,1629000,1151000,2000,0.0,23343.87,0.0,0.0,0.0,23343.87
4,53,48000,-7.69,0.0,2496000,52,0.72,1797000,1048000,2001,0.0,14485.91,465.4,0.0,0.0,14951.31
4,53,50000,4.17,1.0,2550000,51,1.27,3239000,561000,2002,0.0,15582.71,1581.82,3590.45,0.0,20754.98
4,53,58000,16.0,1.0,3248000,56,1.46,4742000,942000,2003,0.0,12186.49,3092.42,14675.29,0.0,29954.21
4,53,56000,-3.45,0.0,3528000,63,0.98,3457000,1376000,2004,52.03,11524.66,3703.1,15263.26,3885.65,34428.71
4,53,51000,-8.93,0.0,2805000,55,1.01,2833000,1935000,2005,7481.61,11625.2,8870.52,14635.17,3162.31,45774.8
4,53,49000,-3.92,0.0,2548000,52,1.24,3160000,1605000,2006,854.73,7021.5,1562.86,14851.44,4855.9,29146.43
4,53,46000,-6.12,0.0,2024000,44,1.25,2530000,648000,2007,5364.51,18734.0,2759.09,18641.85,2374.82,47874.26
4,53,49000,6.52,1.0,2156000,44,1.51,3256000,862000,2008,3140.71,12383.81,4455.32,14404.12,1919.79,36303.74
4,53,62000,26.53,1.0,2728000,44,1.58,4310000,1064000,2009,3600.81,24731.02,17145.35,11987.86,3786.0,61251.03
4,53,71000,14.52,1.0,2627000,37,1.57,4124000,1077000,2010,2308.02,34703.41,14313.07,9845.62,5287.13,66457.25
4,53,71000,0.0,0.0,2698000,38,1.93,5207000,836000,2011,12192.44,29113.81,32716.6,6926.48,5245.46,86194.79
4,53,62000,-12.68,0.0,2542000,41,2.38,6050000,1017000,2012,9887.73,56264.17,24896.8,14338.87,1662.51,107050.08
4,53,69000,11.29,1.0,2691000,39,2.3,6189000,1023000,2013,9729.44,39335.76,32575.72,9238.69,9420.79,100300.41
4,53,68000,-1.45,0.0,2992000,44,2.61,7809000,1167000,2014,7317.8,43206.86,27226.21,13721.13,4508.45,95980.45
4,53,73000,7.35,1.0,3212000,44,1.8,5782000,1221000,2015,925.72,45812.28,7051.71,14787.07,1349.01,69925.78
4,53,84000,15.07,1.0,2940000,35,1.99,5851000,412000,2016,7231.82,29266.59,10906.93,14228.19,141.1,61774.63
3,54,13000,0.0,0.0,533000,41,1.18,629000,48000,1995,0.0,709.89,0.0,0.0,0.0,709.89
3,54,10000,-23.08,0.0,590000,59,1.59,938000,207000,1996,0.0,1136.26,0.0,0.0,0.0,1136.26
3,54,8000,-20.0,0.0,560000,70,1.11,622000,280000,1997,0.0,319.23,0.0,0.0,0.0,319.23
3,54,6000,-25.0,0.0,330000,55,1.14,376000,155000,1998,0.0,266.1,0.0,0.0,0.0,266.1
3,54,6000,0.0,0.0,234000,39,1.09,255000,152000,1999,0.0,553.8,0.0,0.0,0.0,553.8
3,54,7000,16.67,1.0,378000,54,1.22,461000,234000,2000,0.0,286.6,0.0,0.0,0.0,286.6
3,54,7000,0.0,0.0,455000,65,1.42,646000,410000,2001,0.0,136.69,0.0,0.0,0.0,136.69
3,54,9000,28.57,1.0,459000,51,1.32,606000,151000,2002,0.0,180.56,0.88,0.0,0.0,181.44
3,54,8000,-11.11,0.0,376000,47,1.89,711000,194000,2003,0.0,399.92,0.66,9.26,0.0,409.84
3,54,9000,12.5,1.0,495000,55,1.41,698000,183000,2004,319.45,460.33,61.95,67.68,0.0,909.41
3,54,8000,-11.11,0.0,408000,51,1.29,526000,102000,2005,120.15,286.82,42.77,554.46,339.07,1343.28
3,54,6000,-25.0,0.0,252000,42,2.02,509000,68000,2006,383.16,338.63,90.61,649.04,46.3,1507.74
3,54,6000,0.0,0.0,288000,48,2.09,602000,95000,2007,316.14,392.42,146.83,636.92,380.52,1872.83
3,54,6000,0.0,0.0,258000,43,2.16,557000,49000,2008,850.54,207.45,112.88,573.42,0.0,1744.3
3,54,5000,-16.67,0.0,185000,37,2.6,481000,33000,2009,902.57,231.26,289.69,455.92,152.56,2032.0
3,54,5000,0.0,0.0,200000,40,2.39,478000,40000,2010,714.52,385.59,203.27,525.8,80.69,1909.86
3,54,4000,-20.0,0.0,212000,53,2.57,545000,45000,2011,569.45,732.16,567.25,608.7,203.27,2680.82
3,54,6000,50.0,1.0,288000,48,2.91,838000,95000,2012,1872.61,606.71,681.67,419.98,280.43,3861.4
3,54,6000,0.0,0.0,276000,46,3.66,1010000,83000,2013,869.72,835.55,703.05,1158.97,30.2,3597.5
3,54,6000,0.0,0.0,186000,31,4.07,757000,33000,2014,1275.37,1503.77,1206.81,1321.45,539.25,5846.66
3,54,5000,-16.67,0.0,175000,35,4.44,777000,32000,2015,131.84,684.98,97.0,1034.19,549.39,2497.4
3,54,5000,0.0,0.0,160000,32,3.92,627000,43000,2016,395.51,87.3,78.71,584.89,0.0,1146.4
2,55,73000,0.0,0.0,5767000,79,0.7,4037000,2134000,1995,0.0,1970.93,0.0,0.0,0.0,1970.93
2,55,69000,-5.48,0.0,5382000,78,0.9,4844000,2422000,1996,0.0,10021.33,0.0,0.0,0.0,10021.33
2,55,79000,14.49,1.0,4740000,60,0.9,4266000,2797000,1997,0.0,10945.95,0.0,0.0,0.0,10945.95
2,55,89000,12.66,1.0,8099000,91,0.72,5831000,5264000,1998,0.0,9442.84,0.0,0.0,0.0,9442.84
2,55,80000,-10.11,0.0,6000000,75,0.68,4080000,4560000,1999,0.0,8070.9,0.0,0.0,0.0,8070.9
2,55,84000,5.0,1.0,7560000,90,0.68,5141000,4385000,2000,0.0,20993.74,0.0,0.0,0.0,20993.74
2,55,67000,-20.24,0.0,5427000,81,0.82,4450000,3419000,2001,0.0,13854.73,64.15,0.0,0.0,13918.88
2,55,70000,4.48,1.0,6650000,95,1.34,8911000,2461000,2002,0.0,8057.45,1501.13,0.0,0.0,9558.58
2,55,74000,5.71,1.0,5698000,77,1.47,8376000,2678000,2003,0.0,7194.79,4300.56,0.0,0.0,11495.34
2,55,68000,-8.11,0.0,5848000,86,1.19,6959000,2632000,2004,5366.71,18710.63,3705.09,0.0,0.0,27782.43
2,55,64000,-5.88,0.0,5312000,83,1.14,6056000,2922000,2005,18104.14,10502.6,6752.76,2477.33,0.0,37836.84
2,55,64000,0.0,0.0,5952000,93,1.12,6666000,2500000,2006,18628.62,9508.54,15861.16,490.97,0.0,44489.28
2,55,60000,-6.25,0.0,5040000,84,1.22,6149000,3024000,2007,25336.41,9120.52,15954.41,92.81,0.0,50504.16
2,55,58000,-3.33,0.0,4640000,80,1.5,6960000,2366000,2008,43721.86,20296.2,25402.1,20.06,0.0,89440.22
2,55,63000,8.62,1.0,3780000,60,1.58,5972000,1588000,2009,38782.84,21086.33,41790.83,142.64,0.0,101802.64
2,55,64000,1.59,1.0,4096000,64,1.68,6881000,1556000,2010,41517.45,18890.09,31476.72,203.71,0.0,92087.97
2,55,57000,-10.94,0.0,3591000,63,1.89,6787000,1508000,2011,54633.86,14288.16,33033.18,162.26,0.0,102117.46
2,55,60000,5.26,1.0,4140000,69,2.05,8487000,1863000,2012,75565.2,27414.26,39843.7,906.76,0.0,143729.93
2,55,59000,-1.67,0.0,3540000,60,2.38,8425000,1558000,2013,113808.79,21368.53,36389.5,500.01,0.0,172066.83
2,55,53000,-10.17,0.0,2862000,54,2.38,6812000,1030000,2014,107824.79,21509.4,50078.0,643.75,0.0,180055.94
2,55,52000,-1.89,0.0,3484000,67,2.43,8466000,1603000,2015,2066.83,7278.78,15947.8,1497.82,0.0,26791.24
2,55,54000,3.85,1.0,3348000,62,2.67,8939000,1205000,2016,1013.02,9999.95,3761.53,1278.68,0.0,16053.18
4,56,38000,-29.63,0.0,1368000,36,0.73,999000,150000,1995,0.0,0.0,0.0,0.0,0.0,0.0
4,56,40000,0.0,0.0,2920000,73,0.9,2628000,526000,1996,0.0,0.0,0.0,0.0,0.0,0.0
4,56,38000,-5.0,0.0,2356000,62,0.75,1767000,660000,1997,0.0,115.3,0.0,0.0,0.0,115.3
4,56,46000,21.05,1.0,2760000,60,0.68,1877000,524000,1998,0.0,201.06,0.0,0.0,0.0,201.06
4,56,37000,-19.57,0.0,2664000,72,0.61,1625000,746000,1999,0.0,51.15,0.0,0.0,0.0,51.15
4,56,39000,5.41,1.0,3627000,93,0.59,2140000,798000,2000,0.0,98.11,0.0,0.0,0.0,98.11
4,56,38000,-2.56,0.0,2926000,77,0.65,1902000,468000,2001,0.0,416.23,9.48,0.0,0.0,425.71
4,56,38000,0.0,0.0,2394000,63,1.33,3184000,383000,2002,0.0,100.09,48.5,0.0,0.0,148.59
4,56,39000,2.63,1.0,3159000,81,1.41,4454000,474000,2003,0.0,41.89,77.38,0.0,0.0,119.27
4,56,39000,0.0,0.0,2925000,75,1.1,3218000,380000,2004,480.17,291.23,165.79,0.0,0.0,937.19
4,56,40000,2.56,1.0,2240000,56,0.89,1994000,291000,2005,402.78,217.16,233.03,0.0,0.0,852.97
4,56,39000,-2.5,0.0,3315000,85,0.98,3249000,497000,2006,480.83,70.33,184.53,0.0,0.0,735.68
4,56,43000,10.26,1.0,3440000,80,1.0,3440000,894000,2007,269.4,437.18,168.21,0.0,0.0,874.79
4,56,39000,-9.3,0.0,2379000,61,1.37,3259000,381000,2008,863.55,95.02,1894.21,0.0,0.0,2852.78
4,56,37000,-5.13,0.0,1776000,48,1.43,2540000,391000,2009,1987.03,302.25,1035.51,0.0,0.0,3324.79
4,56,34000,-8.11,0.0,1224000,36,1.59,1946000,282000,2010,1667.36,282.41,1463.21,0.0,0.0,3412.98
4,56,35000,2.94,1.0,1890000,54,1.72,3251000,265000,2011,1769.65,260.59,598.78,0.0,0.0,2629.01
4,56,50000,42.86,1.0,2550000,51,1.87,4769000,459000,2012,2590.21,610.68,933.22,0.0,0.0,4134.11
4,56,47000,-6.0,0.0,3102000,66,2.11,6545000,558000,2013,1853.87,343.7,1160.07,0.0,0.0,3357.64
4,56,38000,-19.15,0.0,2318000,61,2.08,4821000,255000,2014,2782.23,569.23,1248.04,0.0,0.0,4599.5
4,56,38000,0.0,0.0,2926000,77,1.9,5559000,146000,2015,0.0,252.21,41.89,0.0,0.0,294.1
4,56,40000,5.26,1.0,2720000,68,1.78,4842000,190000,2016,0.0,60.63,20.72,0.0,0.0,81.35
